OTHER
ABU AL BUKHOOSH
AJMAN
ABU DHABI
DAS ISLAND
DUBAI
FATEH TERMINAL
FUJAIRAH (AL-FUJAIRAH)
JEBEL ALI
JEBEL DHANNA
KHOR AL FAKKAN
MUBAREK TERMINAL
MINA ZAYED
PORT RASHID
RAS AL KHAIMAH
RUWAIS
SHARJAH
CHAKCHARAN
DARWAZ
FAIZABAD
HERAT
KABUL
KANDAHAR
QALA NAU
MAIMANA
MAZAR-I-SHARIF
SHEGHNAN
TIRINKOT
KUNDUZ
UROOZGAN
ANTIGUA
BARBUDA
ANGUILLA
BLOWING POINT
THE FOREST
THE ROAD
DURRES (DURAZZO)
SARANDE
SHENGJIN
TIRANA
AKHURYAN
EREVAN
BONAIRE APT
BULLEN BAY
CARACAS BAY - CURACAO
CURACAO
EMMASTAD
ST EUSTATIUS
FUIK BAY
KRALENDIJK - BONAIRE
RINCON - BONAIRE
SABA IS
ST MICHIELS BAY
ST MAARTEN
WILLEMSTAD - CURACAO
AMBRIZ
BARRA DO DANCE
BAIA DOS TIGRES
BENGUELA
CABINDA
CAZOMBO
DOMBE GRANDE
JAMBA
LANDANA
LUANDA
LIEURA
LOBITO
LUCIRA
MALANGE
NOVO REDONDO
PORTO AMBOIM
PORTO ALEXANDRE
SOYO
FAIAL ISLAND
GRACIOSA ISLAND
SAO JORGE ISLAND
SAO MIGUEL
TERCEIRA ISLAND
JORGE NEWBURY APT / BUENOS AIRES
SAN RAFAEL
PASO DE LOS LIBRES
ALTO RIO SENGUERR
BAHIA BLANCA
BARRANQUERAS
SAN CARLOS DE BARILOCHE
BUENOS AIRES
CALETA CORDOBA
CAMPANA
CORRIENTES
CONCORDIA
COLON
CORDOBA
CONCEPCION DEL URUGUAY
COMODORO RIVADAVIA
CATAMARCA
CALETA OLIVIA
DIAMANTE
ESQUEL
BUENOS AIRES-MINISTRO PISTARINI APT
FORMOSA
GOBERNADOR GREGORES
GUALEGUAYCHU
GENERAL PICO
IBICUY
IGUAZU
LAGO ARGENTINO
LA RIOJA
JOSE DE SAN MARTIN
JUJUY
LA PLATA
SAN LUIS
MAR DEL PLATA
MENDOZA
NECOCHEA
NEUQUEN
GOYA
TRES ARROYOS
PILCOMAYO
PUERTO GALVAN
PERITO MORENO
PUERTO MADRYN
PUNTA QUILLA
PARANA
POSADAS
PUERTO DESEADO
RECONQUISTA
RIO CUARTO
TRELEW
RESISTENCIA
RIO GRANDE
RIO GALLEGOS
ROSARIO
RIO MAYO
SANTA ROSA
RIO TURBIO
SANTA CRUZ
SANTIAGO DEL ESTERO
SANTA FE
SALTA
SAN LORENZO
SAN NICOLAS
SAN PEDRO
SAN SEBASTIAN
TUCUMAN
SAN JUAN
SAN JULIAN
USHUAIA
CURUZU CUATIA
VILLA CONSTITUCION
VIEDMA
VILLA GESELL
VILLA MERCEDES
ZARATE
PAGO PAGO
WIEN
ABINGDON - QL
ALPHA - QL
BAMAGA - QL
ABBOT POINT
ALBURY - NS
ADELAIDE - SA
ANDAMOOKA - SA
AGNEW - QL
ALBANY - WA
ARDROSSAN - SA
ARMIDALE - NS
ALICE SPRINGS - NT
ARAMAC - QL
ALEXANDRIA - NT
AYERS ROCK - NT
BALLAST HEAD - SA
BING BONG
BEACHPORT - SA
BARCALDINE - QL
BUNDABERG - QL
BELL BAY
BROKEN HILL - NS
BATHURST - NS
BULIMBA - QL
BLACKALL - QL
BOLLON - QL
BLACKWATER - QL
BROOME - WA
BRAMPTON - QL
BROADMEADOWS - VI
BRISBANE - QL
BALGO HILLS - WA
BOURKE - NS
BATHURST ISLAND - NT
BAIRNSDALE - VI
BOTANY BAY - NS
BUSSELTON - WA
BUNBURY - WA
BIRDSVILLE - QL
BARROW ISLAND - WA
BREWARRINA - NS
BURNIE - TS
BEAUTY POINT - TG
COBAR - NS
CHERRABUN - WA
CANBERRA
CONDOBOLIN - NS
CAPE CUVIER - WA
CEDUNA - SA
COFFS HARBOUR - NS
CATHERINE HILL BAY - NS
CROKER ISLAND - NT
COLLAN ISLANDS
CLARENCE RIVER - NS
CAPE LAMBERT - WA
CUNNAMULLA - QL
COOTAMUNDRA - NS
CAMOOWEAL - QL
CLERMONT - QL
CLONCURRY - QL
CAIRNS - QL
COOMA - NS
COSSACK PIONEER (OIL TERMINAL)
COOBER PEDY - SA
CAPE FLATTERY - QL
CASINO - NS
CHARLEVILLE - QL
COOKTOWN - QL
CALOUNDRA - QL
CUE - WA
CLEVE - SA
CARNARVON - WA
COWRA - NS
COROWA - NS
CHARTERS TOWERS - QL
DARRA - QL
DAMPIER - WA
DUBBO - NS
DAYDREAM ISLAND - QL
MUDGEE - NS
DUNK ISLAND - QL
DENHAM - WA
DENILIQUIN - NS
DEVONPORT - TA
DERBY - WA
DIRRANBANDI - QL
DARWIN - NT
EDITHBURGH - SA
ELCHO ISLAND - NT
ELECTRONA - TA
EMERALD - QL
ESPERANCE - WA
EXMOUTH GULF - WA
FLINDERS ISLAND - TS
FINLEY - NS
FREMANTLE - WA
GAYNDAH - QL
GOULBURN ISLAND - NT
GERALDTON - WA
GEELONG - VI
GRIFFITH - NS
GRAFTON - NS
GREAT KEPPEL - QL
GLEN INNES - NS
GLADSTONE - QL
GOLDSWORTHY - WA
GOONDIWINDI - QL
GOVE - NT
GARDEN POINT - NT
GREENHEAD
GASCOYNE JUNCTION - WA
GROOTE EYLANDT - NT
LONG ISLAND - QL
HOBART - TS
HUGHENDEN - QL
HAYMAN ISLAND - QL
HAMILTON - VI
HINCHINBROOK ISLAND - QL
HOOKER CREEK - NT
HOPE TOWN
HAYPOINT - QL
HERVEY BAY - QL
HAY - NS
INNISFAIL - QL
IPSWICH - QL
MOUNT ISA - QL
ISISFORD - QL
JABIRU - NT
JULIA CREEK - QL
MELBOURNE-CITY HELIPORT - VI
COLLINSVILLE - QL
KINGSCOTE - SA
KALGOORLIE - WA
KINGSTON - SA
KOOLBURRA - QL
KLEIN POINT
KING ISLAND - TS
KUNUNURRA - WA
KOOLAN ISLAND - WA
KEMPSEY - NS
KARRATHA - WA
KATHERINE - NT
KURNELL - NS
KWINANA - WA
LADY BARRON - TS
LORD HOWE ISLAND - NS
LEARMONTH - WA
LAKE EVELLA - NT
LEIGH CREEK - SA
LISSADELL - WA
LEONORA - WA
LONGREACH - QL
LAUNCESTON - TS
LUCINDA
LAVERTON - WA
MARBLE BAR - WA
MARYBOROUGH - QL
MAROOCHYDORE APT/SUNSHINE COAST
MELBOURNE-ESSENDON APT - VI
MELBOURNE - VI
MITCHELL PLATEAU - WA
MERIMBULA - NS
MINNIPA - SA
MAINORU - NT
MACKAY - QL
MILLICENT - SA
MOUNT MAGNET - WA
MANINGRIDA - NT
MORANBAH - QL
MILDURA - VI
MELROSE - SA
MOREE - NS
MITCHELL - QL
NARRABRI - NS
YOUNG - NS
NULLAGINE - WA
NOWRA - NS
NARRANDERA - NS
NORSEMAN - WA
SCONE - NS
NEWCASTLE - NS
NUMBULWAR - NT
NYNGAN - NS
OBAN - QL
OODNADATTA - SA
ORCHID BEACH - QL
YORKE ISLAND - QL
OAKEY - QL
ONSLOW - WA
OENPELLI - NT
OSBORNE ISLAND - WA
PORT ADELAIDE
PORT ARTHUR - TS
PARABURDOO - WA
PORT BOTANY
PORT BONYTHON
PORT CURTIS
PENNESHAW - SA
PERTH - WA
PORT EXMOUTH
PORT GILLS
PORT HEDLAND - WA
PORT HUON - TS
PARKES - NS
PORT KEMBLA - NS
PORT LATTA - TS
PORT LINCOLN - SA
PORT PIRIE - SA
PROSERPINE - QL
PORT MACQUARIE - NS
PROPER BAY
PRICE - SA
PORT STANVAC - SA
PORT DOUGLAS - QL
PORT PORTLAND - VI
PORT ALMA
PORT AUGUSTA - SA
POINT WILSON
PORT WALCOTT - WA
PORT WARRENDER
EDEN - NS
RAPID BAY - SA
RAMINGINING
RICHMOND - QL
RISDON
RENMARK - SA
ROCKHAMPTON - QL
ROTTNEST ISLAND - WA
SAIBAI ISLAND - QL
SAINT GEORGES - SA
SHAY GAP - WA
SHARK BAY - WA
SMITHTON - TS
SNAKE BAY - NT
STANTHORPE - QL
SOUTH MOLLE ISLAND - QL
SPRING BAY - TS
STRAHAN - TS
STANLEY - TS
SALE - VI
SYDNEY - NS
TENNANT CREEK - NT
THEVENARD - SA
THANGOOL - QL
THURSDAY ISLAND - QL
TAMWORTH - NS
TOWFORD BAY
TRIAL BAY - NS
TAREE - NS
TOWNSVILLE - QL
TUMUT - NS
TOOWOMBA - QL
QUEENSTOWN - TS
QUIRINDI - NS
QUILPIE - QL
WOOMERA - SA
URANGAN - QL
MUTTABURRA - QL
VICTORIA RIVER DOWNS - NT
WALLAROO - SA
WAVE HILL - NT
WARWICK - QL
WEIPA - QL
WESTERNPORT - VI
WAGGA WAGGA - NS
WALGETT - NS
WINTON - QL
WITTENDOM - WA
WOLLOGORANG
WINDORAH - QL
WYNYARD - TS
WONDOOLA - QL
WONTHAGGI - VI
WUDINNA - SA
WILUNA - WA
WEST WYALONG - NS
WHYALLA - SA
YAMPI - WA
YUENDUMU
BOWEN - QL
SPRINGVALE - WA
ARUBA
BARCADERA
BUSHIRIBANA
DRUIF
ORANJESTAD
SINT NICOLAAS
BAKU
MOSTAR
SARAJEVO
BRIDGETOWN
BARISAL
CHITTAGONG
CHALNA
COMILLA
COX'S BAZAAR
DHAKA
ISHURDI
JESSORE
KHULNA
MONGLA/CHALNA
NARAYANGANJ
THAKURGAON
SYLHET
ANTWERPEN
BRUGES
BRUSSEL (BRUXELLES)
CHARLEROI
GENT
LIEGE
NIEUWPOORT
OOSTENDE
ZEEBRUGGE
ZELZATE
BOBO DIOULASSO
OUAGADOUGOU
PO
AKHOTOPOL
BALTCHIK
BURGAS
BREGOVO
DUZAN KULAK
GJECHEVO
IOVKOVO
KALOTINA
KAPITAN ANDREEVO
KARDAM
KULATA
LOM
MALKO TARNOVO
OLTOMANTSI
ORICHOVO
PLOVDIV
RUSE
STANKE LISTCHKOVO
SILISTRA
SOFIA
SOMOVIT
STRESIMIROVTSI
SVISTOV
SVILENGRAD
TOLBUHIN
VARNA
VARNA-ZAPAD
VIDIN
VRAACHKA TCHUKA
ZLATAREVO
BAHRAIN
MANAMA
MINA SULMAN
AL MUTAE
SITRA
BUJUMBURA
COTONOU
HAMILTON
FREEPORT
HARBOR ISLAND
ST GEORGES
BRUNEI TOWN
BANDAR SERI BEGAWAN
KUALA BELAIT
LUMUT
MUARA
SERIA
TANJONG SALIRONG
ASCENSION
CAMIRI
COCHABAMBA
CONCEPCION
COBIJA
GUAQUI
GUAYARAMERIN
LA PAZ
MAGDALENA
ORURO
PUERTO BUSCH
POTOSI
PUERTO SUAREZ
RURRENABAQUE
RIBERALTA
SANTA ANA
SAN JOAQUIN
SAN JAVIER
SUCRE
SAN BORJA
TRINIDAD
TARIJA
GRAHAM LAND
SOUTH ORKNEYS
SOUTH SHETLAND
ARRAIAS
ARAXA - MG
ANGRA DOS REIS - RJ
ARACAJU - SE
ALEGRETE - RS
ANTONINA - PR
ANAPOLIS - GO
APUCARANA - PR
ARATU - BA
AREIA BRANCA - RN
ARAGARCAS
ALTAMIRA
ARAGUAINA
BARRA DO CORDA
BELEM - PA
BENTO GONCALVES - RS
BAGE - RS
BELO HORIZONTE
BLUMENAU - SC
BARREIRINHAS
BRASILIA - DF
BALSAS
BARAO DE TEFFE (ANTONINA)
BOA VISTA - RR
BELMONTE
CASCAVEL - PR
CARUARU - PE
CAMPOS - RJ
CONCORDIA - SC
CONCEICAO
CABEDELO - PB
CUIABA - MT
SAO PAULO-COGONHAS APT
CAMPO GRANDE - MS
CORNELIO PROCOPIO - PR
CORUMBA - MS
CONFINS INTERNATIONAL - MG
CAMPINAS - SP
CURURUPU
CAMPINA GRANDE - PB
SAO PAULO-CUMBICA APT
CURITIBA - PR
CAXIAS DO SUL - RS
CRUZ ALTA - RS
CRUZEIRO DO SUL - AC
DIVINOPOLIS - MG
DIANOPOLIS
ERECHIM - RS
FERNANDO NORONHA
FLORIANOPOLIS - SC
FORTALEZA - CE
SANTO ANGELO - RS
RIO DE JANEIRO-GALEAO APT
GUAJARA MIRIM - GO
GUARATINGUETA - SP
GOIANIA - GO
IMBITUBA - SC
SANTA ISABEL
IGUASSU FALLS - PR
IJUI - RS
IMPERATRIZ - MA
ILHEUS - BA
ITAJAI - SC
ITABUNA - BA
ITAQUI/SAO LUIZ
JOACABA - SC
JUIZ DE FORA - MG
JUAZEIRO DO NORTE - CE
JOINVILLE - SC
JOAO PESSOA - PB
LAJES - SC
LONDRINA - PR
LIVRAMENTO - RS
MARABA - PA
MANAUS - AM
MACAPA - AP
MACAU - RN
MACEIO - AL
MACAE - RJ
MARINGA - PR
MUNGUBA
MONTES CLAROS - MG
MONTE ALEGRE - PA
MOSSORO - RN
NATAL - RN
NITEROI - RJ
NAVEGANTES - SC
OBIDOS - PA
PAULO AFONSO - BA
PORTOCEL
PELOTAS - RS
PASSO FUNDO - RS
PONTA GROSSA - PR
PARNAIBA
PINHEIRO - MA
PAMPULHA
PONTA DA MADEIRA
PORTO NACIONAL
PARANAGUA - PR
PORTO ALEGRE - RS
PONTA DO UBU
PRES. PRUDENTE - SP
PRAIA MOLE
PASSOS - MG
PATO BRANCO - PR
PORTO VELHO - RO
PARANAVAI - PR
BRUSQUE - SC
GUARAPUAVA - PR
ALCANTARA - RJ
BEBEDOURO - SP
BENJAMIN CONSTANT - AM
BARRA DO PIRAI - RJ
BARRA MANSA - RJ
SOBRAL - CE
CAMACARI - BA
CAMPO BOM - RS
BIRIGUI - SP
CATAGUAZES - MG
BOTUCATU - SP
CABO FRIO - RJ
CANELA - RS
CURRAIS NOVOS - RN
GUARULHOS - SP
SAO CAETANO DO SUL - SP
CACHOEIRA DO SUL - RS
DRACENA - SP
CONSELHEIRO LAFAIETE - MG
GUARAPARI - ES
ICOARACI - PA
DOM PEDRITO - RS
DUQUE DE CAXIAS - RJ
GUAIRA - PR
LENCOIS PAULISTA - SP
MONTENEGRO - RS
POUSO ALEGRE - MG
PIRACICABA - SP
SAO BENTO DO SUL - SC
SAO SEBASTIAO DO CAI - RS
SETE LAGOAS - MG
CASTANHAL - PA
TEREZOPOLIS - RJ
NOVO HAMBURGO - RS
TRES CORACOES - MG
IGUATU - CE
TRES RIOS - RJ
JARAGUA DO SUL - SC
CAMPOS DO JORDAO - SP
LAJEADO - RS
SAO LEOPOLDO - RS
MAFRA - SC
MOGI DAS CRUZES - SP
RIO NEGRINHO - SC
CANOAS - RS
OSASCO - SP
PETROPOLIS - RJ
PIRASSUNUNGA - SP
GRAMADO - RS
RIO DO SUL - SC
RESENDE - RJ
SAO BERNARDO DO CAMPO - SP
SAO CARLOS - SP
SAO GONCALO - RJ
SANTO ANDRE - SP
SAO JOAO DEL REI - MG
UNIAO DA VITORIA - PR
VOLTA REDONDA - RJ
RIBEIRAO PRETO - SP
RIO BRANCO - AC
RECIFE - PE
SANTA MARIA - RS
RIO GRANDE - RS
RIO DE JANEIRO - RJ
SAO PAULO - SP
RIO DE JANEIRO-SANTOS DUMONT  APT
SAO FRANCISCO DO SUL - SC
SAO JOSE DOS CAMPOS - SP
SAO LUIS - MA
SEPETIBA - BAHIA DE - RJ
SALVADOR - BA
SAO SEBASTIAO - SP
SANTOS - SP
SANTAREM - PA
SANTA TEREZINHA
TABATINGA - AM
TEFE - AM
TERESINA
TROMBETAS
TOLEDO - PR
TRAMANDAI - RS
TUBARAO - SC
UBERABA - MG
UBATUBA - SP
UBERLANDIA - MG
UMUARAMA - PR
URUGUAIANA - RS
SAO PAULO-VIRACOPOS APT
VILA DE CONDE
VITORIA - ES
VOTUPORANGA - SP
CHAPECO - SC
ACKLIN
ANDROS TOWN - ANDROS ISLAND
ARTHUR'S TOWN - CAT ISLAND
BIMINI
CHUB CAY - BERRY ISLANDS
CAPE ELEUTHERA - ELEUTHERA
CONGO TOWN - ANDROS ISLAND
CROOKED ISLAND
NORTH ELEUTHERA
FREEPORT - GRAND BAHAMA
GEORGE TOWN - GREAT EXUMA ISLAND
GOVERNORS HARBOUR - ELEUTHERA
GREAT HARBOUR CAY - BERRY ISLAND
GREEN TURTLE CAY-GREAT ABACO ISLAND
HARBOUR ISLAND - ELEUTHERA
INAGUA
DEADMANS CAY - LONG ISLAND
MARSH HARBOUR - GREAT ABACO ISLAND
MAYAGUANA ISLAND
NASSAU - NEW PROVIDENCE ISLAND
ROCK SOUND - ELEUTHERA
SAN ANDROS - ANDROS ISLAND
STELLA MARIS - LONG ISLAND
SPANISH WELLS - ELEUTHERA
THE BIGHT - CAT ISLAND
TREASURE CAY - GREAT ABACO ISLAND
WALKER'S CAY
WEST END - GRAND BAHAMA
SAN SALVADOR ISLAND
PARO
PNAKHA
GABORONE
KHWAI RIVER LODGE
MAUN
ORAPA
BREST
MINSK
SVISLOCH
BELIZE CITY
COLINTO
COROZAL
MELINDA
ORANGE WALK
PUNTA GORDA
ALERT BAY - BC
AVONDALE - NS
BATHURST - NB
BROCKVILLE - OT
BAIE COMEAU - QU
BEAVER COVER - BC
BELLEDUNE - NB
BAGOTVILLE - QU
BAIE JOHAN BEETZ - QU
BELLA COOLA
BRITANNIA BEACH - BC
BURIN - NF
BURNSIDE - NF
BOTWOOD - NF
CALGARY - AL
CAMPBELL RIVER - BC
CARAQUET - NB
CATALINA - NF
CORNER BROOK - NF
COWICHAN BAY - BC
CHARLOTTETOWN - PE
CHEMAINUS - BC
CHETICAMP - NS
CHURCHILL - MN
CONTRECOEUR - QU
COLLINGWOOD - OT
CAMPBELLTON - NB
COPPERMINE - NT
COURTENAY - BC
CROFTON - BC
CARTIER - OT
CORNWALL - OT
DUNCAN BAY - BC
DALHOUSIE - NB
DIGBY - NS
DINGWALL - NS
ENGELWOOD - BC
FORT ALBANY - OT
FROBISHER BAY - NT
FORT CHIMO - QU
FORT FRANCES - OT
FORTUNE - NF
FREDRICTON - NB
FRASER MILLS - BC
FORT SIMPSON - NT
FORT ST. JOHN - BC
FORT SMITH - NT
CAMBRIDGE (EX GALT) - OT
GANDER - NF
GRANDEMERE - QU
GEORGETOWN - OT
GOLD RIVER - NS
GOOSE BAY - NF
GASPE - QU
HALIFAX - NS
HAMILTON - OT
HARRIET - BC
HATCH POINT - BC
HARMAC - BC
HOPEDALE - NF
HARBOUR GRACE - NF
HAUT-SAGUENAY - QU
JEDWAY - BC
KINGSTON - OT
KOVIK BAY - QU
KITCHENER - OT
KITIMAT - BC
LACHINE - QU
LADYSMITH - BC
LEVIS - QU
LIVERPOOL - NS
LOMOND - NF
LOUISBOURG - NS
LISTOWEL - OT
LUNENBURG - NS
MIRAMICHI BAY - NB
MISSISSAUGA
MONCTON - NB
MOOSONEE - OT
MONTREAL - QU
NAIN - NF
NEWCASTLE - NB
NEPTUNE - SA
NIMPKISH - BC
NANOOSE - BC
NANAIMO - BC
NORTH BAY - OT
NEW WESTMINSTER - BC
ARGENTIA - NF
OAKVILLE - OT
OCEAN FALLS - BC
OSHAWA - OT
OTTAWA - OT
PORT ALBERNI - BC
PORT ALICE - BC
PORT ALFRED - QU
PARRSBORO - NS
PETERBOROUGH - OT
PORT AUX BASQUES - NF
PORT CARTIER - QU
PORT COLBORNE - OT
PORT CREDIT - OT
PORT DOVER - OT
PERTH - OT
PORT HAWKESBURY - NS
PORT HARDY - BC
PICTON - OT
PORT MCNEILL - BC
PORT MENIER - QU
PORT MELLON - BC
PORT MOODY - BC
PORT NELSON
POWELL RIVER - BC
PRESCOTT - OT
PRINCE RUPERT - BC
PARRY SOUND - OT
PORT SIMPSON - BC
PORT STANLEY - OT
PORT TAHSIS - BC
PORT WELLER - OT
QUEBEC - QU
ROBERTS BANK
RIVIERE-DU-LOUP - OT
REGINA - SA
RIMOUSKI - QU
ST ANDREWS - NB
ST ANTHONY - NF
ST AUGUSTIN - QU
SHERBROOKE - QU
SHELBURNE - NS
SEPT ILES (SEVEN ISLANDS) - QU
SHEET HARBOUR
SIMCOE - OT
SAINT JOHN - NB
ST JOHNS - NF
SARNIA - OT
SOREL - QU
SOURIS - PE
SQUAMISH
SAULT STE MARIE - OT
STEWART
SUMMERSIDE - PE
TASU - BC
TEXADA ISLAND - BC
THUNDER BAY - OT
TOQUART BAY - BC
TORONTO - OT
TROIS-RIVIERES (THREE RIVERS) - QU
TUKTOYAKTUK - NT
VANCOUVER - BC
VICTORIA - BC
VALLEYFIELD - QU
WATSON LAKE - BC
WELLAND - OT
WHITBY - OT
WINDSOR - OT
WINNIPEG - MN
WOODFIBRE - BC
WALTON - NS
BROCKVILLE APT - OT
FORT FRANCES APT - OT
ALERT BAY APT - BC
SAULT STE MARIE APT - OT
BAIE COMEAU APT - QU
BAGOTVILLE APT - QU
BAIE JOHAN BEETZ APT - QU
CAMPBELL RIVER APT - BC
BURNSIDE APT - NF
BOTWOOD APT - NF
NANAIMO APT - BC
COPPERMINE APT - NT
EDMONTON APT - AL
FORT ALBANY APT - OT
FROBISHER BAY APT - NT
FREDRICTON APT - NB
FORT SIMPSON APT - NT
KINGSTON APT - OT
GASPE APT - QU
HAMILTON APT - OT
HOPEDALE APT - NF
HALIFAX APT - NS
KITCHENER APT - OT
MOOSONEE APT - OT
PORT ALBERNI APT - BC
PARRY SOUND APT - OT
PORT MENIER APT - QU
PETERBOROUGH APT - OT
PRINCE RUPERT APT - BC
POWELL RIVER APT - BC
QUEBEC APT - QU
WINDSOR APT - OT
WATSON LAKE APT - BC
YARMOUTH - NS
MONCTON APT - NB
REGINA APT - SA
THUNDER BAY APT - OT
GANDER APT - NF
SYDNEY APT - NS
RIVIERE DU LOUP APT - QU
SHERBROOKE APT - QU
SAINT JOHN APT - NB
FORT SMITH APT - NT
SUMMERSIDE APT - PE
TASU APT - BC
MONTREAL-DORVAL APT - QU
FORT CHIMO APT - QU
VANCOUVER APT - BC
WINNIPEG APT - MN
FORT ST. JOHN APT - BC
RIMOUSKI APT - QU
NORTH BAY APT - OT
CALGARY APT - AL
CHARLOTTETOWN APT - PE
VICTORIA APT - BC
CHURCHILL APT - MN
GOOSE BAY APT - NF
ST JOHNS APT - NF
TORONTO APT - OT
SARNIA APT - OT
PORT HARDY APT - BC
SEPT ILES (SEVEN ISLANDS) APT - QU
BATHURST APT - NB
ZEBALLOS - BC
OCEAN FALLS APT - BC
COCOS ISLANDS
ANGO-ANGO
GBADOLITE
BUKAVU
BUMBA
BANANA
BOMA
BASANKUSU
BUNIA
BANDUNDU
KISANGANI
KALEMIE
GEMENA
GOMA
IKELA
INONGO
ISIRO
KANANGA
KIKWIT
KAMINA
KONGOLO
LIBENGE
LISALA
LODJA
MATADI
MBANDAKA
MBUJI MAYI
MAKALA
MOANDA
MANONO
NIOKI
TSHIKAPA
CEUTA
MELILLA
BERBERATI
BANGUI
BANGASSOU
BOUAR
BIRAO
BRAZZAVILLE
LOUBOMO
DJAMBALA
EWO
GAMBOMA
IMPFONDO
MAKABANA
MBINDA
MAKOUA
MOSSAKA
NKAYI
OUESSO
OYO
POINTE NOIRE
BERN
BASEL
GENEVE
ZURICH
ABIDJAN
YAMOUSSOUKRO
ASSINIE
BOUBELE
BONDOUKOU
BOUAKE
DALOA
FRESCO
GRAND BASAM
GRAND LAHOU
KORHOGO
JABOU
JACQUIVILLE
ODIENNE
KOSAO
MAN
ABENGOUROU
PORT BOUET
TABOU
SASSANDRA
AITUTAKI
ATIU
MANGAIA
MITIARO ISLAND
MAUKE ISLAND
NASSAU
PUKAPUKA
RAROTONGA
ANTOFAGASTA
ARICA
BAHIA GREGORIO
BARQUITO
BALMACEDA
CALETA PARILLOS
CALAMA
CALDERA
CLARENCIA
CORONEL
CHANARAL
CABO NEGRO
COPIAPO
COQUIMBO
CORRAL
COYHAIQUE
EL SALVADOR
GUAYACAN
HUASCO
ISLA DE PASCUA
IQUIQUE
ISLA GUARELLO
VINA DEL MAR
LEBU
LOS VILOS
LIRQUEN
LA SERENA
LOTA
MEJILLONES
OVALLE
PENCO
PUERTO MONTT
PUERTO NATALES
PUERTO PERCY
PATILLOS
PUNTA ARENAS
QUEMCHI
LONCURA/QUINTERO
SAN ANTONIO
SANTIAGO-PUDAHUEL APT
SAN VICENTE
TALCAHUANO
TALCA
TOME
TOCOPILLA
TALTAL
LOS CERRILLOS APT/SANTIAGO
VALPARAISO
CASTRO
CHAITEN
PUERTO AYSEN/CHACABUCO
PUERTO WILLIAMS
VALDIVIA
TEMUCO
VICTORIA
OSORNO
ANCUD
BALI
DOUALA
DSCHANG
GAROUA
KRIBI
KOUTABA
MAMFE
MAROUA
BATOURI
TIKO
YAOUNDE
ANQING
BASUO
BAYUQUAN
BEIHAI
BEIJING
GUANGZHOU
ZHENGZHOU
CHANGCHUN
CHANGJIAGANG
CHONGQING
CHENGLINJI
CHANGSHA
CHENGDU
CHIWAN
DAGANG
DANDONG
DALIAN
DONGSHAN
FANGCHENG
FUZHOU
FOSHAN
GONGBEI
HAIKOU
HOHHOT
HEFEI
HANGZHOU
HAIMEN
HARBIN
HUANGPU
HUIZHOU
YINCHUAN
JIANGYIN
JIUJIANG
JINZHOU
KASHI
NANCHANG
KUNMING
GUIYANG
LANZHOU
LONGKOU
LANSHAN
LIANYUNGANG
MAANSHAN
MAWEI
MANZHOULI
MAWAN
NANHAI
NINGBO
NANJING
NANNING
NANSHA
NANTONG
PINGXIANG
QINGLAN
QINZHOU
QUANZHOU
ERENHOT
RIZHAO
SHUIDONG
SUIFENHE
SHANGHAI
SHIDAO
SHENYANG
SHEKOU
QINHUANGDAO
XI AN
SHIJIAZHUANG
SHUNDE
SUIGANG　HUANGPU
SHANTOU
SHANWEI
SANYA
SHENZHEN
TAICANG
QINGDAO
TAIPING
TANGSHAN
TANGGU
TUMEN
JINAN
TONGLING
TIANJIN
TIANJINXINGANG
TAIYUAN
URUMQI
WEIHAI
WUHU
WENZHOU
WUHAN
WUXI
WUZHOU
XINGANG=TIANJINXINGANG
XINHUI
XIAMEN 
XINING
YINGKOU
YANGJIANG
YANTAI
BEIJIAO
YANTIAN
YANGZHOU
ZHANJIANG
ZHENJIANG
ZHANJIAKOU
ZHANGJIAGANG
ZHOUSHAN
ZHAOQING
ZHONGSHAN
ZHUHAI
ZHANGZHOU
SAN ANDRES
APARTADO
ARAUCA
ARMENTIA
BARRANQUILLA
BUCARAMANGA
BOGOTA
BUENAVENTURA
CALI
CARTAGENA
CUCUTA
COVENAS
EL BAGRE
BARRANCABERMEJA
CHIGORODO
LETICIA
MEDELLIN
MONTERIA
MANIZALES
PUERTO BERRIO
PUERTO BOLIVAR
PEREIRA
PASTO
PUERTO COLOMBIA
RIOHACHA
SANTA MARTA
TUMACO
TOLU
TURBO
QUIBDU
GOLFITO
PUERTO LIMON
LIBERIA
LOS CHILES
NICOYA
PUNTARENAS
PALMAR
PUNTAMORALES
QUEPOS
SAN JOSE
ARRECIFE DE LANZAROTE
PUERTO DEL ROSARIO-FUERTEVENTURA
LAS PALMAS
PALMA
SANTA CRUZ DE TENERIFE
TENERIFE
ANTILLA
BANES
BARACOA
BAHIA HONDA
BOCA GRANDE
BOQUERON
BUFADERO
BAYAMO
CABANAS
CAIBARIEN
CARDENAS
CASILDA
CEIBA HUECA
CIENFUEGOS
CAMAGUEY
GUANTANAMO-LOS CANOS APT
NUEVA GERONA
HABANA
HOLGUIN
JUCARO
MARIEL
MEDIA LUNA
MANATI
MOA
MANZANILLO
GUANTANAMO-GUANTANAMO NAS APT
NIQUERO
NUEVITAS
PASTELILLO
PILON
PUERTO PADRE
PUERTO TARAFA
MATANZAS
SANTA CRUZ DEL SUR
SANTIAGO DE CUBA
SAGUA DE TANAMO
SANTA CLARA
MAIO
MOSTEIROS
PORTO GRANDE
PRAIA
SAO FILIPE
ILHA DO SAL
SAO NICOLAU
SANTIAGO
ST VINCENT
SAO VICENTE
CHRISTMAS ISLANDS
AKROTIRI
ERCAN
FAMAGUSTA
KARAVOSTASSI
KYRENIA
LATCHI
LARNACA
LIMASSOL
MORPHOU BAY
NICOSIA
PAPHOS
VASSILIKO
ZEROS
ZYYI
AS
BOZI DAR
BRNO
BRECLAV
CINOVEC
CESKA KUBICE
CHEB
DECIN
FRYDLANT
HRENSKO
HRADEK NAD NISOU
JIRIKOV
KARLOVY VARY
KRNOV
MARIANSKE LAZNE
MIKULOV
NACHOD
NOVA BYSTRICE
OSTRAVA
PRAHA
ZELEZNA RUDA
RUMBURK
STRAZNY
CESKY TESIN
UHERSKE HRADISTE
VARNSDORF
VOJTANOV
AACHEN
AALEN
ABBENFLETH
ABBEHAUSEN
ACHERN
AUGSBURG
WANGEROOGE
AHLEN
AHRENSBURG
AICHACH
ALBSTADT
ALSFELD
ALFELD
ALTENKIRCHEN
ALSDORF
ALTENA
AMBERG
AMRUN I.
ANDERNACH
ANSBACH
APEN
ARNSBERG
ASCHAFFENBURG
ASSEL
AUGUSTFEHN
AULENDORF
AURICH
ACHTERWEHR RINGKANAL
BADEN BADEN
BACKNANG
BALINGEN
BAMBERG
BASBECK
BAD BERLEBURG
BIETIGHEIM-BISSINGEN
BAD BRAMBACH
BRUCHSAL
BAD DRIBURG
BAD SCHANDAU
BEBRA
BECKUM
BERCHTESGADEN
BENSHEIM
BEIDENFLETH
BERNKASTEL - KUES
BENSERSIEL
BERLIN
BAD ESSEN
BETZDORF
BIELEFELD
BORSFLETH
BERGISH GLADBACH
BAD GODESBURG
BAD HERSFELD
BAD HONNEF
BRUCHHAUSEN
BERGHEIM
BAD HOMBURG
BOCHOLT
BUCHHOLZ/NORDHEIDE
BIBERACH
BIEBESHEIM
BINGEN
BITBURG
BRAKE
BIEDENKOPF
BAD KISSINGEN
BAD KREUZNACH
MARSCHALLBRUCKE/BERLIN
BAD MERGENTHEIM
BORKUM
BREMERVORDE
BAD NAUHEIM
BAD NEUSTADT
BOCKHORST
BOEBLINGEN
BOKEL
BAD OLDESLOE
BOCHUM
BONN
BORKEN
BOTTROP
BAD OEYNHAUSEN
BAD PYRMONT
BRAMEL
BRUNSBUTTEL
BRIEDERN
BREMEN
BURG/DITHMARSCHEN
BAD REICHENHALL
BRILON
BARNKRUG
BRAMSCHE
BOERNSEN
BREITENBERG
BRUEHL
BREMERHAVEN
BAD SAECKINGEN
BAD SEGEBERG
BURGSTAAKEN - FEHMARN
BASSUM
BORSTEL
BAD TOELZ
BUENDE
BURBACH/SIEGEN
BUEHL
BUSUM
BUEDINGEN
BUTJADINGEN
BUXTEHUDE
BUTZFLETH
BREMERVOERDE
BRAUNSCHWEIG
BESTWIG
BAD WILDUNGEN
BAYREUTH
CALW
CAROLINENSIEL
CELLE
KOLN-BONN
CHAM
CLOPPENBURG
COBURG
COCHEM
COESFELD
CRAILSHEIM
CASTROP-RAUXEL
CUXHAVEN
DACHAU
DAGEBULL
DANGAST
DARMSTADT
DEGGENDORF
DELMENHORST
DONAUESCHINGEN
DETMOLD
DILLENBURG
DIEBURG
DILLINGEN
DINSLAKEN
DITZUM
DIEPHOLZ
DORNBUSCH
DOERFEN
DORSTEN
DONAUWOERTH
DREIEICH
DORPEN
KLOTZSCHE/DRESDEN
DORTMUND
DUEREN
DUISBURG
DUSSELDORF
DYKHAUSEN
EBERBACH
EBERSBACH
ECKERNFORDE
EHINGEN
ENGELSKIRCHEN
ELMSHORN
ELSFLETH
ELWANGEN
ELZE
EMDEN
EMMERICH
EMMENDINGEN
ENGTER
ERBACH
ERFURT
ERKELENZ
ERLANGEN
ESSLINGEN
ESCHWEILER
ESSEN
ESCHWEGE
EUSKIRCHEN
EUTIN
ECKWARDERHORNE
ECKWARDERSIEL
FREIBURG
FRIEDRICHSHAFEN
FRIEDRICHSSCHLEUSE
FEHMARN I.
FUERSTENFELDBRUCK
FRANKFURT ODER
FISCHERHUTTE SUD
FINNENTROP
FLENSBURG
FORCHHEIM
FORST
FRANKFURT
FRIEDBERG
FRESENBURG
FREISING
FRIEDRICHSTADT
FRECHEN
FREUDENSTADT
FRITZLAR
FRANKENTHAL
FUERTH
FULDA
GAGGENAU
GAILDORF
GARMISCH-PARTENKIRCHEN
GAUENSIEK
GELDERN
GEVELSBERG
GELNHAUSEN
GELSENKIRCHEN
GELTING
GEMUENDEN
GEROLSTEIN
GEVERSDORF
GIESSEN
GIFHORN
GEILENKIRCHEN
GLADBECK
GEISLINGEN
GLUCKSTADT
GOCH
GOETTINGEN
GOEPPINGEN
GORLITZ
GOSLAR
GRAMBOW
GREETSIEL
GROSS-GERAU
GROSSENBRODE
GRUENBERG
GARTZ
GUBEN (WILHELM PIEDK STADT)
GUETERSLOH
GUENZBURG
GUNZENHAUSEN
GUMMERSBACH
HAGEN
HANNOVER
HAMBURG
HAMELN
HATTINGEN
HANAU
HERZBERG
HERBRUM
HARBURG
HEIDE
HERINGSDORF
HERRNBURG
HECHINGEN
HEIKENDORF
HERNE
HEINSBERG
HEIDELBERG
HELMSTEDT
HEIDENHEIM
HEILBRONN
HERBRECHTINGEN
HELGOLAND
HOFGEISMAR
HOEHR-GRENZHAUSEN
HEILIGENHAFEN
HIRSCHHORN
HOHENHORN
HILDEN
HILDESHEIM
HOLZKIRCHEN
HOHENLIMBURG
HAMM
HEMMOOR
HEMER
HANN MUENDEN
HORB
HOCHDONN
HOLLAGE
HOMBURG
HOOKSIEL
HOF
HORKA/OL
HORUMERSIEL
HOEXTER
HORNEBURG
HERFORD
HERRINGSHAUSEN
HORNUM - SYLT
HAREN
HOHENSAATEN
HUERTH
HUNTERBRUCK
HUSUM
HOLZMINDEN
HERZOGENRATH
IBBENBUEREN
IDSTEIN
IMMENSTADT
INGOLSTADT
IDAR-OBERSTEIN
ISERLOHN
ITZEHOHE
JEMGUM
JUELICH
KARLSRUHE
KAISERMUHLE
KALL
KALENBORN/AHRWEILER
KAPPELN
KARNIN
KASSEL
KAUFBEUREN
KEHL
KEITUM - SYLT
KIEL
KELHEIM
KEMPTEN
KELLINGHAUSEN
KIETZ
KIRN/NAHE
KITZINGEN
KLEVE
KAISERSLAUTERN
KOBLENZ
KORBACH
KOLLMAR
KONSTANZ
KOENIGSTEIN
KOENIGSWINTER
KRAUTSAND
KREFELD
KREUZTAL
KREIENSEN
KRONACH
KULMBACH
LABOE
LAEGERDORF
LAUF
LANDSBERG
LAHNSTEIN
LAMPERTHEIM
LANDWURDEN
LAHR
LATHEN
LAUTERBACH
LUBECK
LUEBBECKE
LUENEBURG
LENGERICH
LANDSHUT
LEBACH
LEER
LEHRTE
SCHKEUDITZ/LEIPZIG
LEMGO
LEONBERG
LEUTKIRCHEN
LEVERKUSEN
LEMWERDER
LANGEOOG
LICHTENFELS
LINGEN
LIMBURG
LINTELERMARSCH
LIPPSTADT
LIST - SYLT
LICHTENAU
LINDAU
LINKEN
LAUDA-KOENIGSHOFEN
LANGEN
LOERRACH
LOHR
LINZ/RHEIN
LANDSTUHL
LENNESTADT
LUEDENSCHEID
LUENEN
LUDWIGSBURG
LUDWIGSHAFEN
LUEDINGHAUSEN
LUECHOW
MAINZ
MARL
MARBURG
MAYEN
MARKTREDWITZ
MECKENHEIM
MELLE
MELDORF
MEMMERT I.
MENDEN
MEPPEN
MERZIG
MESSKIRCH
METTMANN
MOENCHENGLADBACH
MONCHENGLADBACH
MANNHEIM
MINDEN
MIESBACH
MILTENBERG
MINSEN
MOSBACH
MOELLN
MONTABAUR
MORSUM - SYLT
MOERS
MARCARDSMOOR
MARIENSIEL
MESCHERIN
MUENSTER
MUNCHEN
MUEHLDORF
MUENCHBERG
MUELHEIM
MUEHLACKER
MURNAU
NABBURG
NAGOLD
NEUWIED
NEUFELD
NEUENBUERG
NEUHAUS/OSTE
NEULAND/ALBE
NESSMERSIEL
NEUMARKT
NEUMUENSTER
NEUGERSDORF
NORDENHAM
NORDHORN
NEUSTADT (HOLST)
NEUHARLINGERSIEL
NIENBURG
NIEBUELL
NEUNKIRCHEN
NORDEN
NORDDEICH
NORTHEIM
NOERDLINGEN
NORDSTRAND I.
NEUSTADT/AISCH
NEUENSCHLEUSE
NEUSS
NEUSTADT/WEINSTR.
NURNBERG
NUERTINGEN
OBERHAUSEN
OBERSTDORF
OBERWOLFACH
OBERURSEL
OEHRINGEN
OELDE
OFFENBACH
OFFENBURG
OLDENBUTTEL
OLDENBURG
OLPE
OLDENBURG/HOLSTEIN
OLDENBURG/OLD.
OLPENITZ
ORTH - FEHMARN
OSTERODE
OSTERHAUSEN
OSNABRUCK
OSTERHOLZ-SCHARMBECK
OSTERBURKEN
OTTERNDORF
PADERBORN
PAHLHUDE
PAPENBURG
PASSAU
PEGNITZ
PEINE
PELLWORM I.
PENTE
PFARRKIRCHEN
PFORZHEIM
PIESBERG
PINNEBERG
PIRMASENS
PLATTLING
PLETTENBERG
PLOEN
PLOCHINGEN
POMELLEN
PORZ
PRIEN/CHIEMSEE
PRUEM
PUTTGARDEN
QUAKENBRUECK
RADOLFZELL
RANDUM - SYLT
RASTATT
RATINGEN
RAVENSBURG
RECKLINGHAUSEN
REMSCHEID
REEPSHOLT
REGENSBURG
REDNITZHEMBACH
REMAGEN
RENDSBURG
REUTLINGEN
REGEN
RHEINE
RHEDA-WIEDENBRUECK
RIEDLINGEN
RINTELN
RITSCH
ROCKENHAUSEN
ROTTWEIL
ROSENHEIM
ROTENBURG
ROSTOCK
RUEDESHEIM
RUESSELSHEIM
SAARLOUIS
SAARBURG
STADT ALLENDORF
SALZGITTER
SASSNITZ
SCHACHT AUDORF
SEDELSBERG
SCHONBERG
SCHWERTE
SCHWANDORF
SCHRAMBERG
SCHWETZINGEN
SAARBRUCKEN
SCHWEINFURT
SANDE
SCHORNDORF
SCHWEDT
SEESEN
SEHESTADT
SELTERSWESTERWALD
SCHWAEBISCH-GMUEND
SIEGEN
SCHONGAU
SCHMILKA
SCHAEBISCH-HALL
SCHPFHEIM
SCHWARTZENHUTTEN
SIEGBURG
SINSHEIM
SIMMERN
SINGEN
SCHWELM
SCHLESWIG
SANKT MARGARETHEN
SIGMARINGEN
ST. MICHAELISDONN
SCHWABMUNCHEN
SOEST
SOLINGEN
SOLTAU
SPEYER
SPIECKEROOG I.
SCHULPERSIEL
STADE
STRAUBING
STRANDE
STOLBERG
STADTHAGEN
ST. INGBERT
ST KATHARINEN
STRALSUND
STARNBERG
STUTTGART
STADERSAND
STEINFURT
SUDERSTAPEL
SURWOLD
ST. WENDEL
SCHWENNINGEN
SCHONEFELD/BERLIN
TANTOW
TEGERNSEE
BERLIN-TEMPELHOF APT
TINNUM - SYLT
TITISEE-NEUSTADT
TONNING
TOSSENS
TRAUNSTEIN
TREUCHTLINGEN
TRIBERG
TRIER
TROISDORF
TRABEN-TRARBACH
TUEBINGEN
TUTTLINGEN
BERLIN-TEGEL APT
UEBERLINGEN
UELZEN
UETERSEN
ULM
UNNA
UPSCHOERT
VAREL
VELBERT
VENNE
VERDEN
VIERSEN
VILLINGEN-SCHWENNINGEN
VOELKLINGEN
WESTERACCUMERSIEL
WARENDORF
WAECHTERSBACH
WAIBLINGEN
WALSRODE
WARNEMUNDE
WASSERBURG/INN
WALDSHUT-TIENGEN
WOLFENBUETTEL
WEDEL
WEENER
WEILBURG
WEIDEN
WERL
WEILHEIM
WENNINGSTEDT - SYLT
WERDOHL
WESEL
WETZAR
WEWELSFLETH
WITZENHAUSEN
WEINHEIM
WIESBADEN
WIESENS
WISCHHAFEN
WISCH
WILSTER
WIMMER
WINSEN/LUHE
WISMAR
WITTLAGE
WOLFSBURG
WOLFRATSHAUSEN
WORMS
WESTERSTEDE
WITTLICH
WERTHEIM
WITTINGEN
WITTEN
WUERZBURG
WUNSTORF
WUPPERTAL
WILHELMSHAVEN
WYK AUF FOHR
ZEVEN
ZITTAU
ZINNWALD
ZWEIBRUECKEN
DJIBOUTI
AABENRAA
AALBORG
AARHUS
ALLINGE
ASSENS
BAGENKOP
BANDHOLM
BOGENSE
BILLUND
BOJDEN
KOBENHAVN
DRAGOR
ESBJERG
FAABORG
FREDERIKSHAVN
FREDERIKSUND
FREDERIKSVARK
FREDERICIA
FYNSHAVN
GUDHJEM
GEDSER
GLYNGORE
GRENAA
HADERSLEV
HOLBAEK
HOBRO
HERNING
HIRTSHALS
HELSINGOR
HORSENS
HOLSTEBRO
HASLE
HUNDESTED
KALUNDBORG
KOGE
KOLDING
KARUP
KORSOR
KRUSAA
KERTEMINDE
KASTRUP
LOGSTOR
LEMVIG
MIDDELFART
MASNEDSUND
MARIAGER
NAKSKOV
NYBORG
NORDBORG
NEKSO
NORRE-AABY
NORRESUNDBY
NORRE SNEDE
NYSTED
NASTVED
NYKOBING FALSTER
NYKOBING MORS
NYKOBING SJAELLAND
ODENSE
OREHOVED - FALSTER
PADBORG
RANDERS
RUDKOBING
ROSKILDE
RONNE
RODBYHAVN
SAEBY
SAKSKOBING
SONDERBORG
SKAGEN
SKIVE
SILKEBORG
STAUNING
STEGE
STRUER
SVANEKE
SVENDBORG
SANDVIG
THISTED
VEJLE
VORDINGBORG
ANSE DE MAI
CANEFIELD APT
DOMINICA
PORTSMOUTH
ROSEAU
BANI
BOCA CHICA
BARAHONA
CABO ROJO
CIUDAD TRUJILLO
HAINA (RIO HAINA)
LA ROMANA
PALENQUE
PEDERNALES
PUERTO PLATA
PUERTO LIBERTADOR
PUERTO VIEJO DE AZUA
SANTO DOMINGO
SI FRANCISCO MACOROS
SABANA DE MAR
SANCHEZ
SAN PEDRO DE MACORIS
ANNABA (EX BONE)
ALGER
ARZEW
BEJAIA (FORMERLY BOUGIE)
BENISAF
CHERCHELL
COLLO
CONSTANTINE
DELLYS
DJIDJELLI
GHAZAOUET
MOSTAGANEM
ORAN
SKIKDA
TENES
BAHIA DE CARAQUES
CUENCA
BALAO
ESMERALDAS
GALAPAGOS ISLANDS
GUAYAQUIL
LA LIBERTAD
LOJA
MACHALA
MANTA
MACARA
PUNA
PORTO VIEJO
SALINAS
QUITO
MUUGA
TALLINN
ABU SIMBEL
ADABIYA
ALEXANDRIA
AL QUSAYR
ASWAN
CAIRO
DAMIETTA
HALAIB
HAMRAWEIN
HURGHADA
ISMAILIA
KOSSEIR
LUXOR
PORT IBRAHIM
PORT SAID
PORT TEWFIK
RAS GHARIB
RAS SHUKHEIR
SIDI BARRANI
SAFAGA
SHARM EL SHEIKH
SUEZ
NEW VALLEY
WADI FEIRAN
ASSAB
ASMARA
MASSAWA
MALAGA
ALAVA
ALBACETE
ALICANTE
ALCUDIA
ALGECIRAS
ALCANICES
ASTURIAS APT
AVILA
AVILES
AYAMONTE
BARCELONA
BILBAO
BADAJOZ
BURRIANA
BURGOS
CADIZ
CANFRANC
CASTELLON DE LA PLANA
CORCUBION
CIUDAD REAL
ELIZONDO
EL FERROL
FUENTES DE ONORO
GANDIA
GIJON
GERONA
GRANADA
GRAO
GUADALAJARA
GUIPUZCOA APT
HIERRO
HUESCA
HUELVA
IBIZA
IRUN
JAEN
JEREZ
LA CORUNA
ALMERIA
LEON
SEO DE URGEL
LOGRONO
LERIDA
LA JUNQUERA
LUGO
MADRID
MAHON, MENORCA
MARIN
MURCIA
MOTRIL
MUSEL
ORENSE
PALENCIA
PALAMOS
PASAJES
PORT BOU
PALMA DE MALLORCA
PAMPLONA
PUERTO DE SANTA MARIA
PUIGCERDA
ROSAL DE LA FRONTERA
RIBADEO
SAGUNTO
SANTIAGO DE COMPOSTELA APT
SANTANDER
SEGOVIA
SAN FERNANDO
SAN FELIU DE GUIXOLS
SANTURCE
SORIA
SANTA CRUZ DE LA PALMA
SAN SEBASTIAN DE LA GOMERA
SEVILLA
TARRAGONA
TERUEL
TOLEDO
TORREVIEJA
TUY
VALCARLOS
VALENCIA DE ALCANTARA
VERIN
VIGO
VILLAGARCIA
VALENCIA
VALLADOLID
ZARAGOZA
ADDIS ABABA
ARBA MINTCH
ASOSA
AWASSA
AXUM
BULCHI
BAHAR DAR
DEBRA MARCOS
DEMBIDOLLO
DIRE DAWA
DESSIE
GONDAR
GAMBELA
GOBA
GORE
HUMERA
JIMMA
KELAFO/CALLAF
MEKANE SELAM
MAKALE
MIZAN TEFERI
MUI
MOTA
SODDU
TIPPI
WACA
BASTUBACKA
BJORKHOLMSUND
BRANDO
BROMARV
DEGERBY
DALSBRUK (TAALINTEHDAS)
ECKERO
ERVASTO
ESBO (ESPOO)
FARJSUND
FORBY
GULLO
HAKKALA
HALONEN
HELSINKI (HELSINGFORS)
HANKO (HANGO)
HELLNAS
HAMINA (FREDRIKSHAMN)
HOUTSKAR
IMATRA
INIO
ISNAS
IVALO
JOENSUU
JYVASKYLA
KAJAANI
KANTALAHTI (KANTLAX)
KUUSAMO
KASKINEN (KASKO)
KEMI
KIMITO (KEMIO)
KOKAR
KLAMILA
KOKKOLA (KARLEBY)
KORPO (KORPPOO)
KRONVIK
KRISTIINANKAUPUNKI(KRNESSTINESTAD)
KOTKA
KUMLINGE
KUOPIO
KUSTAVI (GUSTAVS)
KOVERHAR
LANGNAS
LAPPOHJA (LAPPVIK)
LOVIISA
LAPPEENRANTA (VILLMANSTRAND)
LUVIA
MERIKARVIA
MAARIANHAMINA (MARIEHAMN)
MIKKELI (ST MICHEL)
MJOSUND
MARSUND
MANTYLUOTO/PORI
NAUVO (NAGU)
NIIRALA
NAANTALI (NADENDAL)
NUIJAMAA
ODENSO
OULU (ULEABORG)
PARAINEN (PARGAS)
PERNAJANLAHTI (PERNAVIKEN)
PATANIEMI
PORKKALA
POHJANKURU (SKURU)
PORI (BJORNEBORG)
PIETARSAARI (JACOBSTAD)
BORGA (PORVOO)
PYHARANTA
RAAHE (BRAHESTAD)
RAHJA
RAUMA (RAUMO)
ROOTILA
RAUTARUUKKI
RUOTSINPYTHAA (STROMFORS)
ROVANIEMI
RYMATTYLA
SALO
SANDO
SARKISALO (FINBY)
SIILINJARVI
SKOGBY
SKINNARVIK
SKOLDVIK
SNAPPERTUNA
SPJUTSUND (KEIHASSALMI)
STOROSUND
STROMMA
SAVONLINNA (NYSLOTT)
TAMMISAARI (EKENAS)
TEIJO
TESSVAR
POPPILA
TURKU (ABO)
TAMPERE (TAMMERFORS)
TOJBY
TOLKKINEN (TOLKIS)/PORVOO
TORNEA (TORNIO)
TVARMINNE
TAIVASSALO
UUSIKAUPUNKI (NYSTAD)
USKELA
VAASA (VASA)
VAINIKKALA
VARTSALA
VASTLAX
VELKUA
VESSO
VIRPINIEMI
VAALIMAA
VARKAUS
ELLINGTON
LABASA
LEVUKA
LAUTOKA
MALAU
NADI
ROTUMA
SUVA
SAVU-SAVU
VATIA
VUDA
MOUNT PLEASANT
PORT STANLEY
FAIS
KOSRAE (EX KUSAIE)
PONAPE
TRUK
YAP
FUGLAFIRDI (FUGLEFJORD)
HUSEVIG
KLAKSVIK
LOPRA
SOLMUNDEFJORD
SORVAGUR
THORSHAVN
TVOROYRI
VAGUR
VESTMANHAVN
VADAIR
ABBEVILLE
AJACCIO
ANTIBES
ARCACHON
AUDIERNE-PORT
BASSE-INDRE
BASSENS
BOUCAU
BAYONNE
BEC D'AMBES
BASTIA
BIARRITZ
BORDEAUX
BOULOGNE-SUR-MER
BONIFACIO
BELFORT-FONTAINE APT
BOURGES
BEAUVAIS-TILLE APT
BLAYE
CAMARET
PARIS-CHARLES DE GAULLE APT
CANNES
CHERBOURG
CLERMONT-FERRAND-AULNAT APT
CAEN
CHATEAUROUX
CALVI
CHAMBERY
COGNAC
CONCARNEAU
CALAIS
CHARENTE
DIJON-LONGVIC APT
DUNKERQUE
DOLE-TAVAUX APT
DINARD-PLEURTUIT APT
DEAUVILLE
DONGES
DIEPPE
DOUARNENEZ
ST ETIENNE-BOUTHEON APT
NANCY-ESSEY APT
FECAMP
NIMES-GARONS APT
FOS-SUR-MER
GRANVILLE
GRENOBLE-SAINT-GEOIRS APT
GRAVELINES
HONFLEUR
ILE ROUSSE
LAVERA
PARIS-LE BOURGET APT
LOURDES-TARBES-OSSUN APT
LE HAVRE
LIMOGES-BELLEGARDE APT
LILLE-LESQUIN APT
LA PALLICE
LA ROCHELLE
LORIENT
LES SABLES D'OLONNE
LE TOUQUET-PARIS-PLAGE
LE TREPORT
LE VERDON
LYON-BRON APT
LYON-SATOLAS APT
MEAUX-ESBLY APT
MELUN-VILLAROCHE APT
MULHOUSE
MONTOIN
MONTPELLIER
MARSEILLE
MORLAIX
METZ-FRESCATY APT
NICE
NEMOURS
NOIRMOUTIER
PORT-LA NOUVELLE
NANTES
PARIS-ORLY APT
PAIMPOL
PAUILLAC-PORT
PARIS
PORT DE BOUC
PERPIGNAN-RIVESALTES APT
POITIERS-BIARD
PORT VENDRES
PROPRIANO
PORT ST LOUIS DU RHONE
PAU-PONT-LONG-UZEIN APT
PORTO VECCHIO
REIMS-CHAMPAGNE APT
RENNES-SAINT-JACQUES APT
ROSCOFF
ROYAN
ST BRIEUC
SETE
ST MALO
ST NAZAIRE
STRASBOURG
TROUVILLE
TOULON
TOULOUSE-BLAGNAC APT
TONNAY CHARENTE(ROCHEFORT)
TREGUIER
TOURS-ST SYMPHORIEN APT
QUIMPER
ROUEN
VICHY-CHARMEIL APT
VILLEFRANCHE
VANNES
AKIENI
BOOUE
BITAM
CAP LOPEZ
FOUGAMOU
GAMBA
NDJOLE
NDENDE
KOULA MOUTOU
LAMBARENE
LIBREVILLE
LASTOURVILLE
LUCINA
MBIGOU
MEDOUNEU
MANEGA
MOUILA
MEKAMBO
MAKOKOU
MVENGUE
MAYOUMBA
MITZIC
OKONDJA
OMBOUE
OWENDO
OYEM
PORT GENTIL
TCHIBANGA
ABERDEEN
ABERDEEN-DYCE APT
AMBLE/BLYTH
APPLEDORE/BIDEFORD
ARBROATH/DUNDEE
ARDROSSAN
AVONMOUTH
AYR
BARRY DOCK/CARDIFF
BATTLESBRIDGE/COLCHESTER
BALTIC WHARF/LONDON
BECKINGHAM/SCUNTHORPE
BELFAST
BELFAST INTERNATIONAL APT
BRITON FERRY
BIRMINGHAM
BIDEFORD
BARROW IN FURNESS
BRIGHTLINGSEA/COLCHESTER
BLYTH
BEAUMARIS
BANGOR/CAERNARVON
BARTON ON HUMBER/HULL
BURNHAM ON CROUCH/COLCHESTER
BOURNEMOUTH
BOSTON
BOWLING/GLASGOW
BARWELL
BRIDPORT/WEYMOUTH
BRISTOL
BRIDLINGTON/HULL
BRIDGWATER/WATCHET
BRIXHAM/DARTMOUTH
BURNTISLAND/KIRKCALDY
BUCKIE/MACDUFF
BURGHEAD/INVERNESS
BURTON STATHER/SCUNTHORPE
BARROW-IN-FURNESS APT
BERWICK UPON TWEED
BURROW
CAMPBELTOWN APT/GREENOCK
CARLISLE
CAMPBELTOWN PORT/GREENOCK
CARDIFF
CHESTER
CHARLESTON/DOUGLAS
MOSTYN
CHARLESTON/FOWEY
CHEPSTOW/NEWPORT
COLERAINE
CAERNARVON
COLCHESTER
CORPACH/INVERNESS
CARDIFF-WALES APT
DAGENHAM
DOUGLAS
RIVERSIDE PARK APT/DUNDEE
DARTMOUTH
DUMFRIES/GREENOCK
DUNDEE
DOVER
EDINBURGH
ELLESMERE PORT
EAST MIDLANDS APT
SHOREHAM APT
EXETER
EXMOUTH/EXETER
EXETER-CLYST APT
FALMOUTH
FASLANE/GREENOCK
FAVERSHAM/WHITSTABLE
FAWLEY
FISHGUARD
FLEETWOOD
FLIXBOROUGH
FINNART/GREENOCK
FOLKESTONE
FOWEY
FRASERBURGH
FINGRINGHOE/COLCHESTER
FELIXSTOWE
GAINSBOROUGH/SCUNTHORPE
GUERNSEY APT
GIRVAN/AYR
GARIESTON/GREENOCK
GLASGOW APT
GLASSON DOCK/HEYSHAM
GLOUCESTER
GLASGOW
GOOLE
GRANGEMOUTH
GREENOCK
GRANTON
GROVE WHARVES/SCUNTHORPE
GRIMSBY
GARSTON/LIVERPOOL
GREAT YARMOUTH
GUNNESS WHARF/SCUNTHORPE
GRAVESEND
GWENT/NEWPORT
HAYLE/PENZANCE
HOWDENDYKE/GOOLE
HASLINGDEN
HOLEHAVEN/LONDON
HOLYHEAD
HARWICH
HARTLEPOOL
HULL
HUMBERSIDE APT
HEYSHAM
ISLAY APT
IMMINGHAM
INVERNESS
ISLE OF MAN
IPSWICH
IPSWICH APT
IRVINE
ISLES OF SCILLY
ITCHENOR/LITTLEHAMPTON
INVERGORDON/INVERNESS
ISLAY PORT/GREENOCK
JERSEY
KEADBY/SCUNTHORPE
KILLINGHOLME
KIRKCALDY
KINGS LYNN
KIRKWALL APT
KIRKWALL
LANCASTER/HEYSHAM
LARNE/BELFAST
LEEDS APT
LONDONDERRY
LEITH/FORTH PORTS
LANDS END
LERWICK
GATWICK APT/LONDON
LONGHOPE/KIRKWALL
HEATHROW APT/LONDON
LITTLEHAMPTON
LIVERPOOL
LLANDDULAS/BEAUMARIS
LLANELLI/SWANSEA
LOCHALINE/INVERNESSS
LONDON
LEIGH-ON-SEA/LONDON
LOWESTOFT
LIVERPOOL INTERNATIONAL APT
SUMBURGH
LOSSIEMOUTH/INVERNESS
LYMINGTON/SOUTHAMPTON
MALDON/COLCHESTER
RINGWAY APT/MANCHESTER
MACDUFF
MENAI BRIDGE/BEAUMARIS
MIDDLESBOROUGH
MISTLEY/HARWICH
MILFORD HAVEN
MILLOM/BARROW IN FURNESS
TEESSIDE
MANCHESTER
MONTROSE
METHIL
NEWCASTLE UPON TYNE
NEATH ABBEY/PORT TALBOT
NEAP HOUSE/SCUNTHORPE
NEW HOLLAND/HULL
NEWHAVEN
NEWPORT
NEWQUAY APT
NORWICH/GREAT YARMOUTH
NEWRY
NORTH SHIELDS/TYNE
NORTHWICH
NORWICH APT
NEWLYN
OBAN/GREENOCK
OBAN-CONNEL APT
PADSTOW/PLYMOUTH
PALNACKIE/GREENOCK
PAR
PORT DINORWIC/CAERNARVON
PEEL/DOUGLAS
PENZANCE
PERTH
PETERHEAD
PRESTWICK APT-GLASGOW
PLYMOUTH APT
PLYMOUTH
PORTMADOC/CAERNARVON
PENMAENMAWR/BEAUMARIS
POOLE
PORT PENRHYN/BEAUMARIS
PRESTON
PENRYN/FALMOUTH
PERTH APT
PARKESTON QUAY/HARWICH
PORT TALBOT
PORTISHEAD/BRISTOL
PORTLAND/WEYMOUTH
PORTRUSH/COLERAINE
PARTINGTON/MANCHESTER
PENZANCE APT
QUEENBOROUGH/ROCHESTER
ROTHESAY
ROCHESTER
ROCHFORD/LONDON
RHYL/MOSTYN
RIDHAM DOCK/ROCHESTER
RAMSGATE
ROWHEDGE/COLCHESTER
RAMSEY/DOUGLAS
RUNCORN
RYE/FOLKESTONE
SCARBOROUGH
SCUNTHORPE
SCRABSTER/WICK
STOCKTON
SEAHAM/SUNDERLAND
SOUTHEND APT
SCAPA FLOW
SHOREHAM
SHEERNESS/ROCHESTER
SHOTTON/MOSTYN
SILLOTH
SOUTHEND/LONDON
STROMNESS/KIRKWALL
SOUTHAMPTON
STANLOW
ST PETER PORT
SOUTH SHIELDS/TYNE
SHARPNESS
ST HELIER - JERSEY
STANSTED APT/LONDON
STORNOWAY
STRANRAER/GREENOCK
SUNDERLAND
SWANSEA
SOUTHWOLD/LOWESTOFT
SWANSEA APT
SCALLOWAY/LERWICK
STORNOWAY APT
TAYPORT/DUNDEE
TEESPORT
TOPSHAM/EXETER
THAMESPORT
TILBURY/LONDON
TEIGNMOUTH
TRURO/FALMOUTH
TYNE
ULLAPOOL/INVERNESS
WATCHET
WEYMOUTH
WHITEHAVEN
WICK
WIGTOWN/GREENOCK
WISBECH
WIVENHOE/COLCHESTER
WELLS/KINGS LYNN
WORKINGTON
WARRENPOINT/NEWRY
WARRINGTON/RUNCORN
WHITBY
RUNCORN-WARRINGTON
WHITSTABLE
GRENADA
GRENVILLE
HILLSBOROUGH - CARRIACOU IS
SAINT GEORGE'S
BATUMI
POTI
SUKHUMI
TBILISI
CAYENNE
ACCRA
ADA
AURA
AXIM
CAPE COAST
KETA
KUMASI
SUNYANI
SEKONDI
SHAMA
TEMA
TAKORADI
WINNEBA
GIBRALTAR
ANGMAGSSALIK
DANEBORG
FAERINGEHAVN(KADLUGERDLUARSSORUSEG)
GODTHAAB (NUUK)
IVIGTUT
JAKOBSHAVN (ILULISSAT)
CHRISTIANSHAAB (QASIGIANNGUIT)
FREDRIKSHAAB (PAAMIUT)
GODHAVN (QEQERTARSUAQ)
GRONNEDAL (KANGILINGUIT)
HOLSTEINSBORG (SISIMIUT)
JULIANEHAAB (QAQORTOQ)
NANORTALIK
NARSSAQ
SUKKERTOPPEN (MANITSOQ)
UPERNAVIK
KUNGMIUT
KULUSUK IS
MESTERS VIG
SCORESBYSUND (ILLORQORTOORMIUT)
SONDRE STRORDMFJORD (KANGERLUSSUAK)
TOVKUSOAK
NARSSARSSUAQ
UMANAK
BANJUL
BENTY
CONAKRY
PORT KAMSAR
BASSE TERRE
MARIE GALANTE
GUADELOUPE
POINTE A PITRE
ST BARTHELEMY
NORTHERN ST MARTIN
ANNOBON ISLAND
BATA
LUBA
RIO MUNI
MALABO
AGRINION
ANDROS
AGHIOS NICOLAOS
KARPATHOS
AREOPOLIS
ASTAKOS
ATHENS (ATHINAI)
AGIA TRIAS
ALEXANDROUPOLIS
CORFU
CHANIA (CANEA)
CHALKIS
CORINTH
DELOS
DRAPETZONA
ELEUSIS
PATRAS
HERAKLION (IRAKLION)
HYDRA (IDHRA)
IGOUMENITSA
IOANNINA
ITEA
ITHAKI (ITHACA)
CHIOS
MIKONOS
NAXOS
SITIA
SKIATHOS
THIRA
KABALIA
KARLOVASSI
KATOHI (KATOKHI)
KEA ISLAND
KOS
KALILIMENES
KALAMATA
KALIMNOS ISLAND
KASTORIA
KAVALA
KOZANI
LAVRION (LAURIUM)
LEVKAS
LIXURI
LARISA
LEROS
LEMNOS
MALAOI
MEGALIVADI
METHONI
MISSIMI
MYTILENE
NEAPOLIS
NAVPAKTOS
PANOI
PARGA
PILOS
PIRAEUS
PORTO LAGOS
PREVEZA
PYLOS
PYRGOS
RETHYMNON
RHODOS
SALAMIS
SERIPHOS ISLAND
ST GEORGE
SIKIONIA
SKARAMANGA
THESSALONIKI
SKYROS ISLAND
SAMOS
SUDA BAY
SYROS (SYRA)
STYLIS
TINOS
VOLOS
PORT VATHY
ZANTE
GRYTVIKEN
LEITH HARBOUR
CHAMPERICO
FLORES
GUATEMALA CITY
LIVINGSTON
PUERTO BARRIOS
PUERTO QUETZAL
SANTO TOMAS DE CASTILLA (M.GALVEZ)
TIKAL
APRA (AGANA)
GUAM
BOLAMA
CACHEU
BISSAU
GEORGETOWN
HONG KONG
KOWLOON
TOLO HARBOUR
AHUAS
AMAPALA
BRUS LAGUNA
GUANAJA
HENECAN
LA CEIBA
LA UNION
OLANCHITO
PUERTO CORTES
PUERTO LEMPIRA
ROATAN
SAN PEDRO SULA
TOCOA
TELA
TEGUCIGALPA
TRUJILLO
UTILA
DUBROVNIK
HVAR
KORCULA
PLOCE
PULA
RIJEKA BAKAR
ROVINJ
SENJ
SIBENIK
SPLIT
SUSAK
ZADAR
ZAGREB
LES CAYES
CAP-HAITIEN
FORT LIBERTE
GONAIVES
JEREMIE
LAFFITEAU
MIRAGOANE
PORT AU PRINCE
ST MARC
AGERDOMAJOR
AGFALVA
AGGTELEK
ARTAND
BAJANSENYE
BALASSAGYARMAT
BANREVE
BIHARKERSZTES
BUCSU
BUDAPEST
CSENGERSIMA
DRAVASZABOLCS
EPERJESKE
ESZTERGOM
FERTOUJLAK
GYEKENYES
GYOR
GYULA
HEGYESHALOM
HERCEGSZANTO
HIDASNEMETI
IPOLYTARNOC
KELEBIA
KOMAROM
KOSZEG
KOTEGYAN
LETENYE
LOKOSHAZA
MAGYARBOLY
MAGYARFALVA
MOHACS
MURAKERESZTUR
NAGYLAK
NYIRABRANY
PARASSAPUSZTA
RABAFUZES
REDICS
RAJKABRANY
RAJKA
ROSZKE
SALGOTARJAN
SATORALJAUJHELY
SOMOSKOUJFALU
SOPRON
SOPRON GYSEV
SZEGED
SZENTGOTTHARD
SZOB
TORNANADASKA
TOMPA
TORNYOSNEMETI
UDVAR
VAMOSSZABADI
ZAHONY
ADANG BAY
AMAHAI
AMAMAPARE, IJ
AMPENAN - BALI
AMBON - MOLUCAS
ARJUNA - JAVA
BANJARMASIN
BANDUNG - JAVA
BERAU
BANGGAI
BIAK - IRIAN JAYA
BITUNG - SULAWESI
BANJUWANGI - JAVA
BENGKULU - SUMATRA
BLANG LANCANG, ST
BELILING
BELAWAN - SUMATRA
BENOA - BALI
BALIKPAPAN - KALIMANTAN
BANDA ACEH
BATAM
BOKONDINI
BAUBAU - BUTUNG
BADE
BONTANG, KL
CIREBON - JAVA
CIGADING
CINTA - JAVA
CIWANDAN
CILACAP - JAVA
DABO - SINGKEP
DILI
JAMBI - SUMATRA
JAYAPURA - IRIAN JAYA
DENPASAR - BALI
DUMAI - SUMATRA
ENDE - FLORES
ENAROTALI
FAK FAK - IRIAN JAYA
NUMFOR
GILIMANUK - BALI
GALELA - HALMAHERA
GRESIK - JAVA
GORONTALO - SULAWESI
ILLAGA
JAKARTA - JAVA
YOGYAKARTA
KAROSA - SULAWESI
KENDARI - SULAWESI
KEPI
KEBAR
KIDJANG - BINTAN
KUALA MANDAH - SUMATRA
KIMAM
KAIMANA - IRIAN JAYA
KUPANG - TIMOR
KETAPANG, KL
LABUHAN - JAVA
LANGSA - SUMATRA
MULIA
LARANTUKA
LHOKSEUMAWE, ST
LANGGUR
LUWUK
MANGOLE
MENADO - SULAWESI
MINDIPTANA
MEULABOH - SUMATRA
MEDAN - SUMATRA
MAMUJU
MERAUKE - IRIAN JAYA
MANOKWARI - IRIAN JAYA
MALILI - SULAWESI
MELANGGUANE
MANTANG - RIAU
MAUMERE - FLORES
MERAK - JAVA
MUTING
MUNTOK - BANKA
MASAMBA
NAHA
NAMLEA
NABIRE
NUNUKAN
BINTUNI
OKABA - IRIAN JAYA
OLEE LHEUE
MOANAMANI
PAGATAN - KALIMANTAN
PASIR PANJANG
PASURUAN - JAVA
PADANG - SUMATRA
TANDJANG
PEKALONGAN - JAVA
PANGKALPINANG - BANKA
PANGKAL BALAM - BANKA
PANJANG
PANGKALANBUUN
PANGKALAN BRANDAN - SUMATRA
PANGKALAN SUSU, SUMATRA
PEKANBARU - SUMATRA
PLADJU - SUMATRA
PALEMBANG - SUMATRA
PORT MENENG
PONTIANAK KALIMANTAN
PAMANUKAN - JAVA
PALAPO - SULAWESI
PANARUKAN - JAVA
PROBOLINGGO - JAVA
POSO - SULAWESI
PULAU SAMBU - RIAU
PUTUSSIBAU
POMALAA - SULAWESI
PULAU LAUT
RAHA
RENGAT - SUMATRA
RUTENG - FLORES
SABANG - SUMATRA
SAMBAS - KALIMANTAN
SEBANGAN BAY - KALIMANTAN
SUNGAI PAKNING, SUMATRA
SIAK YECHIL - RIAU
SINGKEP - RIAU
SANGKULIRANG - KALIMANTAN
SINGKAWANG - KALIMANTAN
SIBOLGA - SUMATRA
SAMPIT - KALIMANTAN
SOLO CITY
SORONG
SELAT PANDJANG - SUMATRA
SOROAKO
SEMARANG - JAVA
SAMARINDA - KALIMANTAN
SURABAYA - JAVA
SUNGAI GERONG - SUMATRA
SUMENEP, MADURA
SUNGAI GUNTUNG - SUMATRA
SUSOH - SUMATRA
SUMBAWA
TANJUNG UBAN - RIAU
TALTABU - CELEBES
TELUK BETUNG, SUMATRA
TUBAN, JV
TANDJUNG BATU - RIAU
TEGAL - JAVA
TJERIBON - JAVA
ASAHAN (TANJUNG BALAI)
TJILATJAP - JAVA
TANJUNG PANDAN - BELITUNG
TELOK AYER - KALIMANTAN
BANDAR LAMPUNG
TOLITOLI
TANAH MERAH - KALIMANTAN
TELOK MELANO
TANJUNG PINANG - RIAU
TAPAKTUAN - SUMATRA
TANJUNG PRIOK
TARAKAN - KALIMANTAN
TERNATE - HALMAHERA
UJUNG PANDANG - SULAWESI
WAGETHE
WAINGAPU - SUMBA
WAMENA
SERUI - IRIAN JAYA
ARDMORE
ARKLOW
BALBRIGGAN
BALLINA
BALTIMORE
BURTONPORT
BANTRY BAY
CARLINGFORD
DONEGAL
CLARECASTLE
CLIFDEN
COBH
CASTLETOWN BERE
DUNCANNON
DUNDALK
DUNGARVAN
DUN LAOGHAIRE
DUNMORE EAST
DROGHEDA
DUBLIN
FENIT
FOYNES
GREENORE
GREYSTONES
GALWAY
HOWTH
KILLYBEGS
KILLALA
KINSALE
KILRUSH
LIMERICK
MOVILLE
NEW ROSS
CORK
RATHMULLEN
ROSSLARE HARBOUR
SHANNON
SLIGO
TRALEE
WATERFORD
WESTPORT
WEXFORD
WICKLOW
YOUGHAL
ACRE
ASHDOD
BEER SHEBA
ELAT (EILATH)
HADERA
HAIFA
JAFFA
NATANYA
ROSH PINA
SEDOM
TEL AVIV
AGRA
ALLEPPEY
AHMEDABAD
AMRITSAR
BHUBANESWAR
VADODARA (BARODA)
BEDI
BETUL
BEYPORE
BHUJ
BHOPAL
BHAVNAGAR
BELEKERI
BANGALORE
BANDDAR
MUMBAI(EX BOMBAY)
CAMBAY
CARIJAM
CHANDBALI
CALCUTTA
CUDDALORE
COIMBATORE
CALICUT (KOZHIKODE)
COCHIN
COLOCHEL
COONDAPUR
CUTCH MANDVI
DAHEJ
DAMAN
DELHI
DIBRUGARH
DIU
DIMAPUR
DURGAPUR
DWARKA
ENNORE
FARRAKKA
GAUHATI
GORAKHPUR
GOPALPUR
GUDUR
GWALIOR
HALDIA
KHAJURAHO
HONAVAR
HYDERABAD
INDORE
IMPHAL
AGARTALA
BAGDOGRA
CHANDIGARH
ALLAHABAD
MANGALORE (NEW MANGALORE)
BELGAUM
LILABARI
JAMMU
KESHOD
LEH
MADURAI
RANCHI
SILCHAR
AURANGABAD
KANDLA
PORT BLAIR - ANDAMAN IS
JAIPUR
JAKHAU
JODHPUR
JAMNAGAR
JABALPUR
JORHAT
KAKINADA
KATHIAWAR
KHAMBHAT
KANPUR
KODINAR
KOILTHOLTAM
KOKA
KRISHNAPATAM
KARIKAL
KARWAR
LUCKNOW
MADRAS
MAHE
MALPE
MASULIPATNAM
MAGDALLA
MANDAPAM
MANGROL
MAROLI
MORMUGAO
MUNDRA
MURAD
NAGPUR
NANCOWRIE
NAVALAKHI
NEENDHAKARA
NELLORE
NEW MANGALORE (MANGALORE)
NAGAPPATTINAM
NHAVA SHEVA
OKHA
PANAJI - GOA
PATNA
PIPAVAV (VICTOR) PORT
PORBANDAR
PANTNAGAR
PORT INDAI
PINDHARA
POONA
PONDICHERY
PARADIP
PULICAT
PURI
QUILON
RAJKOT
RAMESHWARAM
REDI
RAIPUR
RAIRI
RATNAGIRI
SALAYA
SHIRODA
SIKA
SURAT
SRINAGAR
TADRIP
TELLICHERRY
TEZPUR
TIRUPATI
TIVIRI
TRANQUEBAR
TRIVANDRUM
TIRUCHIRAPALLI
TUTICORIN (NEW TUTICORIN)
UDAIPUR
UMBERGAON (GUJARAT)
VADINAR
VEPPALODAI
VIJAYAWADA
VARANASI (BENARES)
VISAKHAPATNAM
VERAVAL
CHAGOS
BAGHDAD
BASRA
FAO
HILLAH
ISKANDARIYHA
KARBALA
KHOR AL AMAYA
KIRKUK
MINA AL BAKIR
MANDALI
MAWSIL
NAJAT
MOSUL
SAMARA
UMM QASR
ABADAN
AHWAZ
YAZD
BANDAR LENGEH
BANDAR KHOMEINI
BANDAR MASHUR
BANDAR ABBAS
BUSHEHR
CYRUS TERMINAL
HARTA POINT
KASHAN
KERMAN
KHARK ISLAND
KHORRAMSHAHR
LAVAN ISLAND
MASHAD
ORUMIEH
PORT OF MAHSHAHR
RAS BAHRGAN
SHYAH BANDER
SARI
SIRRI ISLAND
SHIRAZ
TABRIZ
TEHRAN
ZAHEDAN
CHAH-BAHAR
AKUREYRI
AKRANES
BILDUDALUR
BLONDUOS
BORGARNES
DJUPIVOGUR
ESKIFJORDUR
EGILSSTADIR
FAGURHOLSMYRI
FASKRUDSFJORDUR
FLATEYRI
GJOGUR
GRIMSEY
HAFNARFJORDUR
HOFN
HOLMAVIK
HVAMMSTANGI
HUSAVIK
ISAFJORDUR
KEFLAVIK
MYVATN
OLAFSFJORDUR
OLAFSVIK
PATREKSFJORDUR
REYKJAVIK
REYDARFJORDUR
RAUFARHOFN
SAUDARKROKUR
SEYDISFJORDUR
SIGLUFJORDUR
STRAUMSVIK
SUDUREYRI
STYKKISHOLMUR
THINGEYRI
THORLAKSHOFN
VESTMANNAEYJAR
VOPNAFJORDUR
AGRIGENTO
ALGHERO
ANZIO
ANCONA
ARBATAX
AUGUSTA
AVOLA
BRINDISI
BERGAMO
ORIO AL SERIO
BAGNOLI
BOLOGNA
BARLETTA
BELLUNO
BARI
CAGLIARI
CASTELLAMMARE DI STABIA
CECINA
CHIOGGIA
ROMA-CIAMPINO APT
CARLOFORTE
CROTONE
CATANIA
CASTELLAMMARE DEL GOLFO
CIVITAVECCHIA
FALCONARA
ROMA-FIUMICINO APT
FERMO
FIRENZE
FOLLONICA
GAETA
GALLIPOLI
GELA
GIOIA TAURO
GENOA
IMPERIA
LICATA
MILANO-LINATE
LIVORNO
LAMPEDUSA
MAZARA DEL VALLO
MADDALENA
MARINA DI CARRARA
MELILLI
MILANO
MILAZZO
MONFALCONE
MONOPOLI
MOLFETTA
MARSALA
MASSA
MESSINA
MILANO-MALPENSA
NAPOLI
OLBIA (TERRANOVA)
PORTO AZZURRO
PORT EMPEDOCLE
PESARO
PORTOFERRAIO
PORTO FOXI (SARROCH)
PORTIGLIONI
PIOMBINO
PORTO MARGHERA
PALERMO
PANTELLERIA
POKE
POMEZIA
POZZUOLI
PRESSURO
PISA
PORTO SANTO STEFANO
PORTO TORRES
PORTO VESME (PORTOSCUSO)
COSENZA
CATANZARO
SASSARI
RAVENNA
REGGIO CALABRIA
RIO MARINA
RIMINI
ROMA
SORRENTO
SALERNO
SIRACUSA
SANTA MARIA
SOLARO
SANTA PANAGIA
LA SPEZIA
SAN REMO
SAVONA
TALAMONE
TARANTO
TORRE ANNUNZIATA
TRAPANI
TORINO
TRIESTE
TREVISO
UDINE
VADO/BOLOGNA
VENEZIA
VIAREGGIO
VERONA
VOLTRI
ALLIGATOR POND
BLACK RIVER
BOWDEN
KINGSTON
MONTEGO BAY
MANDEVILLE
OCHO RIOS
ORACA-BESSA
PORT ESQUIVEL
PORT KAISER
PORT MORANT
PORT ANTONIO
PORT RHOADES
PORT ROYAL
ST ANNS BAY
SALT RIVER
AMMAN
AQABA FREE ZONE
AQABA (EL AKABA)
COSMO SEKIYU - KAGAWA
ABASHIRI - HOKKAIDO
ABURATSU - MIYAZAKI
AINOURAAOKI - NAGASAKI
AINOURA - NAGASAKI
AIOI - HYOGO
AIKAWA - NAGASAKI
AJI - KAGAWA
AKKESHI - HOKKAIDO
AKEHAMA - EHIME
ASAHIKAWA APT-HOKKAIDO 
AKAMIZU - KAGOSHIMA
AKO - HYOGO
AKITA APT - AKITA
AKITSU - HIROSHIMA
AZAKO
AMAJI - KOCHI
ARIMURA - KAGOSHIMA
AMAGASAKI-NISHINOMIYA-ASHIYA-HYOG
AOMORI APT - AOMORI
AOKATA - NAGASAKI
AOMORI - AOMORI
AOSHIMA - NAGASAKI
ARARI - SHIZUOKA
AMUROGAMA - KAGOSHIMA
ASAMI - KUMAMOTO
ASHIZURI - KOCHI
ATSUKI - YAMAGUCHI
ATSUMI - AICHI
ATATAJIMA - HIROSHIMA
AWA - OKINAWA
AWASHIMA - KAGAWA
AWAZU - TOKUSHIMA
AKITA - AKITA
AZU - NAGASAKI
BODOMARI - KAGOSHIMA
BEPPU - OITA
CHIBA - CHIBA
CHOFU - YAMAGUCHI
CHOSHI - CHIBA/IBARAKI
CHITOSE - HIROSHIMA
KADENA
ETAJIMAWAN - HIROSHIMA
FUKAE - NAGASAKI
FUKUE - AICHI
FUKAE - HIROSHIMA
FUKAI - OKAYAMA
FUKUI - FUKUI
FUKUSHIMA - NAGASAKI
FUKUE - NAGASAKI
FUKAURA - EHIME
FUKUSHIMA APT - FUKUSHIMA
FUKUYAMA - HIROSHIMA
FUKUSHIMA - MIYAZAKI
FUNAYA - EHIME
FUNAKAWA-AKITA
FUNAURA - OKINAWA
FUNAKOSHI - EHIME
FUKURA - HYOGO
FURUE - NAGASAKI
FUKARI - NAGASAKI
FURUE - MIYAZAKI
FURUE - KAGOSHIMA
FUSHIKI - TOYAMA
FURUSAWAKOZAI - HIROSHIMA
FUTENMA,TARAMA - OKINAWA
FUKUURA - KUMAMOTO
FUKAMI - KUMAMOTO
FUKUOKA APT - FUKUOKA
FUKUURA - EHIME
GONOKUBI - NAGASAKI
GINOWAN - OKINAWA
GONOURA - NAGASAKI
GOTSU - SHIMANE
GENDENTOKAI - IBARAKI
HAMI - KAGOSHIMA
HABU - HIROSHIMA
HAGI - YAMAGUCHI
HANNAN - OSAKA
HIBURI - EHIME
HIDAKA - WAKAYAMA
HIKETA - KAGAWA
HESAKI - FUKUOKA
HETA - KAGOSHIMA
HAGI-OSHIMA - YAMAGUCHI
HIRUGAURA - NAGASAKI
HACHINOHE - AOMORI
HIGASHIHARIMA - HYOGO
HIBI - OKAYAMA
HITACHINAKA - IBARAKI
HIROSHIMA - HIROSHIMA
HIMEJI - HYOGO
HINASE - OKAYAMA
HIKOSHIMA - YAMAGUCHI
HIROSHIMA APT - HIROSHIMA
HONJIMA - KAGAWA
HIJI - OITA
HAMAJIMA - MIE
HAKODATE APT - HOKKAIDO
HONKUSHIMA - EHIME
HAKODATE - HOKKAIDO
HIKARI - YAMAGUCHI
HAKATA - EHIME
HAKATA - FUKUOKA
HAMADA - SHIMANE
HAMAGURI - EHIME
HIMEKAWA - NIIGATA
HANEDA APT - TOKYO
HANASAKI - HOKKAIDO
HIRAO - YAMAGUCHI
HARAMACHI - FUKUSHIMA
HIRARA - OKINAWA
HIRASE - KUMAMOTO
HOSHIKA - NAGASAKI
HOSOSHIMA - MIYAZAKI
HITACHI - IBARAKI
HITAKATSU - NAGASAKI
FUTAMI - TOKYO
FUTAMI - NIIGATA
HYUGADOMARI - OITA
HYAKUNOURA - EHIME
HISAYOSHI - EHIME
ICHIHARA
IESHIMA - HYOGO
IMAGIRE - TOKUSHIMA
NIIHAMA - EHIME
NISHINOOMOTE - KAGOSHIMA
IKITSUKISHIMA - NAGASAKI
IKATA - EHIME
IMABARI - EHIME
IMARI - SAGA
IMAZATO - NAGASAKI
IMAZU - EHIME
INA - NAGASAKI
INUGAURA - NAGASAKI
INOKUSHI - OITA
IINOSETO - NAGASAKI
IOUJIMA - KAGOSHIMA
ISSAI - KOCHI
ISHIGAKI - OKINAWA
ISHIMA - OKAYAMA
ISHINOMAKI - MIYAGI
ISUWAN - KAGOSHIMA
ISHIKARIWAN - HOKKAIDO
ITOCHU OIL TERMINAL - HIROSHIMA
IWAGI - EHIME
IWAKUNI - YAMAGUCHI
IWANAI - HOKKAIDO
IOUJIMA - NAGASAKI
IZUHARA - NAGASAKI
IZUMI - NAGASAKI
KAITA
KASHIMAE - NAGASAKI
KAINAN
KARATSU - SAGA
KATSUURA - WAKAYAMA
KUBURA - OKINAWA
KOCHI - KOCHI
KODAI - NAGASAKI
KADOKAWA - MIYAZAKI
KECHI - NAGASAKI
KEGOYA - HIROSHIMA
KIGASAJIMA - KAGAWA
KAMAGARI - HIROSHIMA
KAIGATA - KAGOSHIMA
KURAHASHI - HIROSHIMA
KIIRE - KAGOSHIMA
KIKUMA - EHIME
KINESHIMA - KAGAWA
KAMAISHI - IWATE
KITAURA - MIYAZAKI
KANSAI INT APT - OSAKA
KUJI - IWATE
KAJIKI -KAGOSHIMA
KOKUBO - EHIME
SHINKITAKYUSHU APT/FUKUOKA
KATAKAMI - OKAYAMA
KOMENOTSU - KAGOSHIMA
KUJI - KAGOSHIMA
KANOKAWA - HIROSHIMA
KOMODA - NAGASAKI
KAMAE - OITA
MIYAZAKI - MIYAZAKI
KUMAMOTO APT - KUMAMOTO
KAMINOKAE - KOCHI
KUMAMOTO - KUMAMOTO
KOMATSU APT - ISHIKAWA
KANDA - FUKUOKA
KINOE - HIROSHIMA
KUNEHAMA - NAGASAKI
KIN - NAGASAKI
KINUURA - AICHI
KIN-NAKAGUSUKU - OKINAWA
KONIYA - KAGOSHIMA
KANAZAWA - ISHIKAWA
KOIKE - EHIME
KAGOSHIMA - KAGOSHIMA
KONOSHIMA - OKAYAMA
KAGOSHIMA APT - KAGOSHIMA
KOYO,ETAJIMA - HIROSHIMA
KOZUNA - NAGASAKI
KURE - HIROSHIMA
KARAKIZAKI - KUMAMOTO
KUROKAMI - KAGOSHIMA
KUROSHIMA - NAGASAKI
KARIYA - SAGA
KASAOKA
KUSUBO - NAGASAKI
KAMOISE - NAGASAKI
KISHIKU - NAGASAKI
KASHIMA - IBARAKI
KESENNUMA - MIYAGI
KUSHIKINO - KAGOSHIMA
KASASA - KAGOSHIMA
KASHIWA - EHIME
KITANADA - EHIME
KARATOMARI - FUKUOKA
KATASHIMA - KOCHI
KUDAMATSU - YAMAGUCHI
KUSHIRO - HOKKAIDO
KUMANOE - MIYAZAKI
KAWANAZU - EHIME
KAWAJIRI - HIROSHIMA
KAWASAKI - KANAGAWA
KASHIWAZAKI - NIIGATA
KOZUKUSHI - KOCHI
KISARAZU - CHIBA
LION OLEO CHEMICAL - KAGAWA
MATEGATA - EHIME
MAIZURU - KYOTO
NAKANOSEKI
MARUGAME - KAGAWA
MASAKI - EHIME
MATSUSHIMA - NAGASAKI
MATSUYAMA APT - EHIME
MONBETSU - HOKKAIDO
MITSUBISHI KAGAKU - KAGAWA
MEBARUZAKI - HIROSHIMA
MOTOBU - OKINAWA
MICHIDOI - NAGASAKI
MEI - NAGASAKI
MEITSU - MIYAZAKI
MAGOME - NAGASAKI
MEGOSHIMA - NAGASAKI
NAGAYAMA - OKINAWA
MIHOWAN - TOTTORI
MIHARA
MIIKE - FUKUOKA
MISAKI - KANAGAWA
MINAMATA - KUMAMOTO
MIURA - NAGASAKI
MISUMI - KUMAMOTO
MIYAZU - KYOTO
MIZUSHIMA - OKAYAMA
MAKURAZAKI - KAGOSHIMA
MIKAME - EHIME
MITSUKOJIMA - HIROSHIMA
MIKAWA - AICHI
MISHIMA-KAWANOE - EHIME
MISUMI - SHIMANE
MINE - NAGASAKI
MATSUNAGA
MIYANOURA - KAGOSHIMA
MITAJIRI-NAKANOSEKI - YAMAGUCHI
MOJI - FUKUOKA
MATSUSAKA - MIE
MISAWA
MASHIKE - HOKKAIDO
MISHO - EHIME
MITARAI - HIROSHIMA
MUTSURE - YAMAGUCHI
MATSUURA - NAGASAKI
MATSUURA - OITA
MURORAN - HOKKAIDO
MUTSUOGAWARA - AOMORI
MAWARI - NAGASAKI
MATSUYAMA - EHIME
MIYAKO - IWATE
MIYAURA - EHIME
MIYAZAKI APT - MIYAZAKI
MIYAZAKI - EHIME
MOTOZARU - OITA
MIZUSAKI - NAGASAKI
NAHA - OKINAWA
NAMA - NAGASAKI
NAOETSU - NIIGATA
NAHA APT - OKINAWA
NAOSHIMA - KAGAWA
NAKATSU - OITA
NAZE - KAGOSHIMA
NOBEOKASHINKO - MIYAZAKI
NOBU - NAGASAKI
NEJIME - KAGOSHIMA
NEMURO - HOKKAIDO
NEO - NAGASAKI
CHUBU APT/AICHI
NAGAHAMA - EHIME
NAGIMI - EHIME
NAIGAINOURA - KOCHI
NAGOYA - AICHI
NAGASAKI APT - NAGASAKI
NAGASU - KUMAMOTO
NAGOYA - OITA
NAHARI-KOCHI
NIIGATA(HIGASHI) - NIIGATA
NIIGATA APT - NIIGATA
NIIGATA(NISHI) - NIIGATA
NAMIKATA - EHIME
ATSUGI
NAKAJIMA - EHIME
NOJIRI - KAGOSHIMA
NAKATA - HIROSHIMA
NOMI - MIYAZAKI
NAGASAKI-MIE-SHIKIMI - NAGASAKI
NANAO - ISHIKAWA
NARUSHIMA - NAGASAKI
NARITA APT - TOKYO
NOSHIRO - AKITA
NUMAZU - SHIZUOKA
NISHIURA - SHIZUOKA
NYUGAWA - EHIME
NYUZU - OITA
OARAI - IBARAKI
OBE - EHIME
OFUNAKOSHI - NAGASAKI
OFUKAURA - KOCHI
OFUNATO - IWATE
OGASAWARA - TOKYO
OGI - NIIGATA
OGUSHI - NAGASAKI
OHAMA - KAGAWA
OHAMA - EHIME
OIGAWA - SHIZUOKA
OITA - OITA
OITA APT - OITA
OKIURA - HIROSHIMA
OKOGI - EHIME
OKAYAMA APT - OKAYAMA
OKIKOJIMA - KAGOSHIMA
YOKOTA
OKAYAMA - OKAYAMA
OBUKURA - EHIME
OMINATO - AOMORI
OMUTA - FUKUOKA
OMAEZAKI - SHIZUOKA
ONAHAMA - FUKUSHIMA
ONODA - YAMAGUCHI
ONEJIME - KAGASHIMA
ONAGAWA - MIYAGI
ONISHI - EHIME
ONISHI - HIROSHIMA
ONOMICHI-ITOZAKI - HIROSHIMA
ORA - EHIME
ORINO - TOKUSHIMA
OSAKA - OSAKA
OSHIMA - EHIME
OSHIMA - NAGASAKI
OSAKI - NAGASAKI
OTAKE - HIROSHIMA
OTARU - HOKKAIDO
OURA - KUMAMOTO
OURA - NAGASAKI
OWASE - MIE
OYAMA - NAGASAKI
SAGA APT-SAGA
REIHOKU - KUMAMOTO
RUMOI - HOKKAIDO
RYUGAMIZU - KAGOSHIMA
RYOTSU - NIIGATA
RYOSHIDA - HIROSHIMA
SABA - EHIME
SAIKI - OITA
SAGANOSEKI - OITA
SAIGO - SHIMANE
SAIJO - EHIME
SAKAI - OSAKA
SAKITSU - KUMAMOTO
SHIBUSHI - KAGOSHIMA
SHICHIRINAGAHAMA - AOMORI
SEIBU
SENDAI - KAGOSHIMA
SE - NAGASAKI
SAGA - KOCHI
SUGE - EHIME
SAGAMIHARA
SENDAISHIOGAMA - MIYAGI
SHIOGATANI - OITA
SHINKIBA
SHINGU - WAKAYAMA
SHIMONOSEKI - YAMAGUCHI
SHIDO - KAGAWA
SHIGEI - HIROSHIMA
SHIRAHAMA - OKINAWA
SHIKAMACHI - NAGASAKI
SHIMAMA - KAGOSHIMA
SHIRAHAMA - NAGASAKI
SHITANOURA - NAGASAKI
SHISHIJIMA - KAGAWA
SAKAIDE - KAGAWA
SAKAKI - KOCHI
SHIKAMA
SAKATA - YAMAGATA
SOMA - FUKUSHIMA
SHIMABARA - NAGASAKI
SHIMODA - SHIZUOKA
SHIMOHISAGE - EHIME
SUMIE - MIYAZAKI
SAKAI - TOTTORI/SHIMANE
SHIMODOMARI - EHIME
SHIMOTSU - WAKAYAMA
SHIMIZU - SHIZUOKA
SONAI,YONAGUNI - OKINAWA
SHUKUNOURA - NAGASAKI
SHIMANOURA - MIYAZAKI
SHINOKAWA - KAGOSHIMA
SOTODOMARI - EHIME
CHITOSE APT,SAPPORO - HOKKAIDO
SAKURAJIMA - KAGOSHIMA
SASEBO - NAGASAKI
SAIZAKI - HIROSHIMA
SATA - KAGOSHIMA
SHITABA - EHIME
SETODA - HIROSHIMA
SATSUKAWAWAN - KAGOSHIMA
SUNOE - HIROSHIMA
SUMOTO - HYOGO
SUKUMOWAN-KOCHI
SUMINOE
SUSAKI - KOCHI
SHIRIYAZAKI - AOMORI
SENZAKI - YAMAGUCHI
SHIZUURA - SHIZUOKA
TAKAMIJIMA - KAGAWA
TADOTSU - KAGAWA
TANABE - WAKAYAMA
TAKAMATSU APT - KAGAWA
TAGO - SHIZUOKA
TAKAMATSU - KAGAWA
TAHARA - HIROSHIMA
TAKESHIKI - NAGASAKI
TACHIBANA - TOKUSHIMA
TOBATA - FUKUOKA
TAGONOURA - SHIZUOKA
TAKEHARA - HIROSHIMA
TAINOURA - NAGASAKI
TOJIMA - EHIME
TOKAI
TAKAHAMA - KUMAMOTO
TAKUMA - KAGAWA
TOKUSHIMA-KOMATSUSHIMA - TOKUSHIMA
TOKUYAMA - YAMAGUCHI
TOMARI - HOKKAIDO
TOMIE - NAGASAKI
TSUKUMI - OITA
TOMAKOMAI - HOKKAIDO
TAMANOURA - NAGASAKI
TOMIOKA - KUMAMOTO
TSUNA - HYOGO
TONDA
TSUNEISHI - HIROSHIMA
TOBA - MIE
TOKACHI - HOKKAIDO
TOMIOKA - TOKUSHIMA
TOYAMA - TOYAMA
TOUYO - EHIME
TOYAMA APT - TOYAMA
TSURUUCHI - KAGAWA
TSURUGA - FUKUI
TARUGAHAMA - NAGASAKI
TARUMI - HYOGO
TOMARIURA - KOCHI
TSUTSU - NAGASAKI
TSU - MIE
SHIMIZU - KOCHI
TOTTORI - TOTTORI
TATEYAMA - CHIBA
TSUKINOKAWA - NAGASAKI
TOKYO - TOKYO
URAGO - SHIMANE
UBE - YAMAGUCHI
UCHIUMI - MIYAZAKI
UCHINOMI - KAGAWA
UCHIURA - FUKUI
UDONO - MIE
UJINA
USUKA - NAGASAKI
KOBE - HYOGO
UKEN - KAGOSHIMA
UNO - OKAYAMA
UNOSHIMA - FUKUOKA
UNTEN - OKINAWA
USA - KOCHI
USHIGAKUBIJIMA - KAGAWA
USHINE - KAGOSHIMA
USUKI - OITA
UCHINOURA - KAGOSHIMA
UWAJIMA - EHIME
WAITA - YAMAGUCHI
WAKAYAMA - WAKAYAMA
WAKIMISAKI - NAGASAKI
WAKKANAI - HOKKAIDO
WAKIMOTO - EHIME
WANIURA - NAGASAKI
WAKAMATSU - NAGASAKI
YAMAGAWA-KAGOSHIMA
YANAI - YAMAGUCHI
YATSUSHIRO - KUMAMOTO
YOBUKO - SAGA
YONAGO - TOTTORI
YOSHIUMI - EHIME
YOKKAICHI - MIE
YAMAGUCHI - YAMAGUCHI
YAMANOURA - KUMAMOTO
YONOUZU - OITA
YOKOHAMA - KANAGAWA
YOKOSUKA - KANAGAWA
YOSHIDA - EHIME
YASUGI - SHIMANE
YUTAI - EHIME
YURA - WAKAYAMA
YUSU - EHIME
YAWATAHAMA - EHIME
YAIZU - SHIZUOKA
ZAMA
ZENNO BERTH - HIROSHIMA
TOK-C-KANKATSU
YOK-C-KANKATSU
KOB-C-KANKATSU
OSA-C-KANKATSU
NAG-C-KANKATSU
MOJ-C-KANKATSU
NAS-C-KANKATSU
HAK-C-KANKATSU
OKI-C-KANKATSU
OTHER APT
UNKNOWN
KISUMU
KIUNGA
LAMU
MOMBASA
MALINDI
NAIROBI
WILSON APT/NAIROBI
FRUNZE
CHEKO
KAS KONG
KOMPONGSOM
PHNOMPENH
SIHANOUKVILLE
ABEMAMA
ARORAE ISLAND
BUTARITARI
BERU
CANTON ISLAND
FANNING ISLANDS
MAIANA
MAKIN ISLAND
MARAKEI
NIKUNAU
NONOUTI
ONOTOA
PHOENIX ISLANDS
TABITEUEA NORTH
TAMANA ISLAND
TARAWA
WASHINGTON ISLANDS
ANJOUAN
DZAOUDZI
HAHAYA APT/MORONI
MOHELI
MORONI
BASSETERRE - ST KITTS
CHARLESTOWN, NEVIS
ST KITTS
CHONGJIN
PYONGYANG
GENSAN
HAEJU
HUNGNAM
NAMPO
ODAEJIN
RIWON
SAMCHA　DO
SINPO
WONSAN
CHEJU
CHINHAE
GIMPO
INCHEON INTL APT/SEOUL
INCHEON
KWANGYANG
KOHYON
KOJE
POHANG
KUNSAN
KWANGJU
MASAN
MIPO
MOKPO
MUKHO
OKKYE
OKPO
ONSAN
PYONGTAEK
PUSAN
SAMCHONPO
SEOUL
SOCKCHO
SAMCHOK
TAEGU
TONGHAE
TONGYOUNG
ULSAN
WANDO
YOCHON
YOSU
JAHRAN
JEBEL DHANA
JUAYMAH
KUWAIT
KHOR AL MUFATTA
MENA AL AHMADI
MINA ABD ALLAH
MINA SAUD
RAS AL-KHAFJI
SHUAIBA
SHUWAIKH
CAYMAN BRAC IS
GRAND CAYMAN
LITTLE CAYMAN
AKTAU
AKHTUBINSK
ALMATY
VIENTIANE
BEIRUT
CHEKKA
TRIPOLI
SAYDA
SIDON
SUR (TYRE)
ST LUCIA
BERUWALA
BATTICOLOA
COLOMBO
GALLE
HAMBANTOTA
JAFFNA
KALPITIYA
KAYTS
KANKESANTURAI
MANNAR
MULATIVU
POINT PEDRO
RATMALANA APT/COLOMBO
TALAIMANNAR
TRINCOMALEE
CAPE MOUNT
CAPE PALMAS
FIMIBO
FOYA
GRAND BASSA
GRAND CESS
GREENVILLE
HARPER
HARBEL
MARSHALL
MONROVIA
NIMBA
ROBERTSPORT
RIVERCESS
SARIOE BAY
SASSTOWN
SINOE
TCHIEN
TRADE TOWN
BUCHANAN
VOINJAMA
LESOBENG
MOKHOTLONG
MASERU
NKOUS
SEHONGHONG
SEMONGKONG
THABA-TSEKA
QACHAS NEK
KLAIPEDA
VILNIUS
LUXEMBOURG
RIGA
VENTSPILS-LETONIA
AL BAYDA
AL KHOFRA (KUFRA)
APOLLONIA
EL BARDIA
BINGAZI
BUERT EL HSUN
DARNAH
ES SIDER
GHAT
KHOMS
GHADAMES
MARSA BREGHA
MARSA EL HANIA
MISRATAH
RAS LANUF
SABHA
SOUSSAH
SIRTE (SURT)
TAGIURA
TOULMEITHA
TOBRUK
TUKRAH
ZLITEN
ZUARA
AGADIR
AL HOCEIMA
ASILAH
AZEMMOUR
CASABLANCA
ELJADIDA
ESSAOUIRA
FEZ
LARACHE
MAZAGAN
MOGADOR
MOHAMMEDIA
NADOR
OUJDA
OUARZAZATE
MARRAKACH
RABAT
SALE
SAFI
TANGIER
TAN TAN
TETUAN
MONACO
KISHINEV
UNGENY
BAR
KOTOR
PODGORICA
ANDROKA
AMBILOBE
AMPANIHY
ANTALAHA
BRICKAVILLE
BETIOKY
BELO
BESALAMPY
BARREN ISLANDS
ANTSIRANANA
DOANY
SOALALA
FORT DAUPHIN (TOALAGNARO)
HELL-VILLE
ANALALAVA
AMBANJA
MANJA
MAJUNGA (MAHAJANGA)
MANANJARY
MANOMBO
MORONDAVA
MOROMBE
MAINTIRANO
NOSSI BE
NOSY-VARIKA
BEKILY
FARAFANGANA
SAMBAVA
TULEAR (TOLIARA)
TAMATAVE (TOAMASINA)
ANTANANARIVO
TSARATANANA
MORAFENOBE
VATOMANDRY
VEHIPERRO
VOHEMAR
MAHANORO
ANDRIAMENA
ANTSOHIHY
ANKAZOABO
AMBATONDRAZAKA
ANTSALOVA
BEFANDRIANA
BEALANANA
BEROROHA
FIANARANTSOA
MANDRITSARA
MANDABE
MALAIMBANDY
MAROANTSETRA
MANANARA
PORT BERGE (VAOVAO)
TAMBOHORANO
TSIROANOMANDIDY
MANAKARA
MIANDRIVAZO
ANDAPA
KWAJALEIN
MAJURO
OHRID
SKOPJE
BAMAKO
GAO
KAYES
MOPTI
NIORO
NARA
AKYAB
BILIN
BHAMO
BOGALE
BASSEIN
GANGAW
GWA
HENZADA
HEHO
INSEIN
KENGTUNG
KALEMYO
KYAIKIAT
KYAUKPYU
KYAUKTAW
LOIKAW
LASHIO
MARTABAN
MANDALAY
MERGUI
MOULMEIN
MOMEIK
MONG HSAT
MURDON
MAGWE
MYITKYINA
NAMSANG
NYAUNG-U
PA-AN
PAUK
PEGU
PAKOKKU
PAPUN
YANGON
SANDOWAY
TAH SALA
TAVOY
TENASSESIM
TERUTAO ISLAND
THATON
VICTORIA POINT
YE
ULAN BATOR
MACAU
ROTA
SAIPAN
TINIAN IS
FORT DE FRANCE
MARTINIQUE
AIOUN EL ATROUSS
AKJOUJT
ATAR
NEMA
KAEDI
NOUADHIBOU (FORMERLY PORT ETIENNE)
NOUAKCHOTT
ZOUERATE
SELIBABY
TIDJIKJA
MONTSERRAT
GOZA
MALTA (VALETTA)
CARAJOS
PORT LOUIS
RODRIGUES
MALE
BLANTYRE
KARONGA
LILONGWE
ACAPULCO - GRO
ALVARO OBREGON
ALVARADO - VER
CIUDAD OBREGON
CIUDAD JUAREZ
CIUDAD DEL CARMEN - CAM
COATZACOALCOS - VER
CAMPECHE-LERWA
CHETUMAL - ROV
CULIACAN
CANCUN - ROO
CHIHUAHUA - CHI
CIUDAD VICTORA
COZUMEL - ROO
DURANGO
ENSENADA - BCN
FRONTERA - TAB
FRONTERAS
GUADALAJARA - GRO
GUAYMAS - SON
HERMOSILLO - SON
ISLA CEDROS
ISLA MUJERES
LA PAZ - BCS
LAZARO CARDENAS - MIC
MATAMOROS - TAM
MEXICO CITY
MERIDA - YUC
MINATITLAN
MONTERREY - NL
MEXICALI - BCN
MAZATLAN - SIN
NUEVO LAREDO - TAM
NOGALES - SON
OAXACA - OAX
OJINAGA - CHI
POZA RICA
PROGRESO - YUC
PUERTO MADERO - CHI
PUERTO MEXICO - COA
PUERTO PENASCO - SON
PUERTO VALLARTA - GRO
REYNOSA - TAM
SAN BLAS - NAY
SAN CARLOS - BCS
SALINA CRUZ
SAN FELIPE - BCN
ISLA SAN MARCOS
SONOYT - SON
SANTA ROSALIA - BCS
TAMPICO - TAM
TAPACHULA - CHI
TUXTLA GUTIERREZ
TIJUANA - BCN
TOPOLOBAMPO - SIN
TORREON - COA
TUXPAN - JER
VERACRUZ
VILLAHERMOSA
ZIHUATANEJO - GRO
MANZANILLO - COL
ALOR SETAR
BAGAN DATOK
BATU PAHAT
BAU - SARAWAK
BATU BATU - SABAH
BARIO
BANDAU - SABAH
BELURAN - SABAH
BUNAN GEGA - SARAWAK
BANGGAU - SABAH
BIAWAK - SARAWAK
KOTA KINABALU - SABAH
BAKALALAN
BELAGA - SARAWAK
BATU LINGTAN - SARAWAK
BANDAR MAHARANI
BINATANG - SARAWAK
BENUT - JOHOR
BESUT (KUALA BESUT)
BETONG - SARAWAK
BINTULU - SARAWAK
BAGAN LUAR (BUTTERWORTH)
DANJINDAWAI
DUNGUN (KUALA DUNGUN)
DARO - SARAWAK
ENDAU
HUTAN MELINGTANG
IPOH
JAMBONGAN - SABAH
JOHORE BHARU
KABONG - SARAWAK
KUALA BARAM
KOTA BELUD - SABAH
KUALA BELUD - SABAH
KOTA BHARU
KUALA BESAR
KUCHING - SARAWAK
KEMAMAN
KEJIT
KIJAL
KIMANIS - SABAH
KUALA KEDAH
KUKUP
KAPIT - SARAWAK
KUALA PERLIS
KUALA PENYU - SABAH
KRETY
KUALA SEDILI
KUALA SEGAMA - SABAH
KUALA SELANGOR
KOTA TINGGI
KUANTAN (TANJONG GELANG)
KUDAT - SABAH
KUALA GULA
KUALA LUMPUR
KUNAK - SABAH
LABUAN HADJI - SABAH
LABUAN - SABAH
LAHAD DATU - SABAH
LINGGA - SARAWAK
LIMBANG - SARAWAK
LONG SEMADO
LONG SUKANG
LUNDU - SARAWAK
LUTONG - SARAWAK
LAWAS - SARAWAK
MEMPAKUL - SABAH
MENASI
MERSING
MUKAH - SARAWAK
MALACCA
MUAR
MARUDI - SARAWAK
MIRI - SARAWAK
LONG SERIDAN
PALOH - SARAWAK
PANCHANG
PASIR GOGOK
PAMOL
PULAU BATIK - SABAH
PORT DICKSON
PEDENA
PENANG (GEORGETOWN)
PENGGARANG/TANJ.PENGILEH
PASIR GUDANG - JOHOR (JOHOR PORT)
PASIR HITAM
PORT KELANG (SWETTENHAM)
PENGKALAN KUBOR
PONTIAN
PULAU PISANG
PRAI
KUALA ROMPIN
PULAU TAMBISAN - SABAH
PUNANG - SARAWAK
REJANG - SARAWAK
RANAU
SAMBU - SARAWAK
SARIKAI - SARAWAK
SIBU - SARAWAK
SANDAKAN - SABAH
SINDUMIN
SUNDAR - SARAWAK
SEJINGKAT - SARAWAK
SELALANG - SARAWAK
SILAY
SIRAN
SRI MEDAN
SIMANGGANG - SARAWAK
SIMUNJAN - SARAWAK
SEMPORNA - SABAH
SEPULOT
SIMPANGAN - SABAH
SIPITANG - SABAH
SUNGAI RENGIT
SIRIKIN - SARAWAK
TELOK INTAN
TANJONG BARAN
TANJONG DAWAI
TENGKU - SABAH
KUALA TRENGGANU
TANJONG KUPANG
TUMBUM
TOMANGGONG
TANJONG MANI - SARAWAK
TANJONG PELEPAS
TELOK RAMUNIA
TANJONG SURAT
TANDJUNG TENGELILI
TUMPAT
TUNGKU
TAWAU - SABAH
WALLACE BAY - SABAH
WESTON - SABAH
ANGOCHE
NAMPULA
BELA VISTA
BEIRA
IBO
CHINDE
INHAMBANE
MATOLA
MACUSE
MEMBA
MOMA
NACALA
MORRUMBENE
MAPUTO
MASSINGA
MOCAMBIQUE
NOVA SOFALA
PEBANE
PEMBA
TETE
QUELIMANE
WINDHOEK-EROS APT
GROOTFONTEIN
KEETMANSHOOP
LUDERITZ
TSUMEB
WINDHOEK-J.G. STRYDOM APT
BELEP ISLAND
HOUAILOU
ILE DES PINS
KONE
KOUMAC
KOUAOUA
NAKETY
NEPOUI
NOUMEA
MUEO
THIO
TONTOUTA
TOUHO
AGADES
MARADI
NIAMEY
ARLIT
TAHOUA
ZINDER
NORFOLK ISLAND
ABONNEMA
ADO
APAPA
BADAGRI
BENIN CITY
BONNY
BRASS
BURUTU
CALABAR
DENEMA
EKET
ENUGU
ESCRAVOS
FORCADOS
GREEK PORT
IBADAN
JOS
KADUNA
KANO
KOKO
KULA
LAGOS
MAIDUGURI
QUE OBOE TERMINAL/EKET
OKRIKA
ONNE
ORON
PORT HARCOURT
SOKOTO
SAPELE
TINCAN/LAGOS
WARRI
YOLA
BLUEFIELDS/EL BLUFF
BONANZA
CORINTO
MANAGUA
PUERTO SANDINO
PUERTO CABEZAS
CORN ISLAND
SIUNA
SAN JUAN DEL SUR
WASPAM
ALKMAAR
ALMELO
AMERSFOORT
AMSTERDAM
APELDOORN
ALPHEN A/D RIJN
ARNHEM
BERGH-AUTOWEG
BERKEL EN RODENRIJS
BEVERWIJK
BERGEIJK
BREDA
BARENDRECHT
BRESKENS
BERGEN OP ZOOM
COEVORDEN
DENEKAMP-FRENSDORFERHAAR
DEVENTER
DELFT
DEN HELDER
DE KEMPEN
DOESBURG
DORDRECHT
DE POPPE-SPRINGBIEL
DRACHTEN
DUIVEN
DELFZIJL
EDE
EEDE
EEMSHAVEN
EINDHOVEN
EMMEN
ENSCHEDE
EUROPOORT
EIJSDEN
GLANERBRUG
GOIRLE
GORINCHEM
GOUDA
GRONINGEN
HAARLEM
DEN HAAG (S-GRAVENHAGE)
HANSWEERT
HARLINGEN
HEURNE
HOOFDDORP
HENGELO
HELMOND
S-HEERENBERG
HEERLEN-AUTOWEG
HOORN
S-HERTOGENBOSCH
HULST
HOEK VAN HOLLAND
HILVERSUM
IJMUIDEN
ITTERVOORT
KAMPEN
KAPELLEBRUG
LANWERSOOG
LEIDEN
LOBITH
MEPPEL
MIDDELBURG
MOERDIJK
MAASSLUIS
MAASTRICHT
NIJMEGEN
NISPEN
NIEUWE SCHANS
OLDENZAAL
OSS
OUD VROENHOVEN
PAPENDRECHT
PERNIS
PUTTE
ROOSENDAAL
ROTTERDAM
SCHEVENINGEN (S-GRAVENHAGE)
SCHIEDAM
SLUIS
SLUISKIL
SPIJKENISSE
SAS VAN GENT
TEGELEN
TIEL
TILBURG
TERNEUZEN
UTRECHT
VEENDAM
VEGHEL
VENLO
VLAARDINGEN
VLISSINGEN
VENLO-AUTOWEG
WERNHOUT
WAALWIJK
WEERT
WINSCHOTEN
WEST-TERSCHELLING
WINTERSWIJK
WESTZAAN
ZAANDAM
ZEVENAAR
ZOETERWOUDE
ZUTPHEN
ZWIJNDRECHT
ZWOLLE
ARDAL
ALVIK
ALESUND
AGOTNES
ALTA
ANDALSNES
ARDALSTANGEN
ARENDAL
BARUM
BARDUFOSS
BERGEN
BATSFJORD
BJORKAS
BREKSTAD
BRONNOYSUND
BODO
BRATTVAG
BUVIKEN
BREVIK
DRAMMEN
EGERSUND
ELVERUM
EVENES/HARSTAD
EYDEHAVN
FARSUND-LISTA
FAUSKE
FORNEBU APT/OSLO
FORDE-DYRANA
FLEKKEFJORD
FINSENS
FOLLAFOSS
FOSNAVAG
FREDRIKSTAD
FLORO
FORUS
GARDERMOEN APT/OSLO
GLOMFJORD
GREAKER
GRIMSTAD
GJOVIK
HALDEN
HAUGESUND
HAMMERFEST
HAMAR
HOMMELVIK
HOLMESTRAND
HORTEN
ORSTA-VOLDA
HAREID
HEROYA
HUSNES
HONNINGSVAG
HAVIK
HOYANGER
IKORNNES
JARLSBERG APT/TONSBERG
JOSSINGHAMN
KIRKENES
KAMBO
KARMOY
KOPERVIK
KRAGERO
KRISTIANSAND
KONGSBERG
KRISTIANSUND
KONGSVINGER
KVINESDAL
KYRKSATERORA
LANGESUND
LARVIK
LERVIK
LEVANGER
LILLESAND
LAKSELV
LYNGDAL
LODINGEN
LEIRVIK
LILLESTROM
MANDAL
MALOY
MEHAMN
MELBU
MOSJOEN
MALM
MOLDE
MONGSTAD
MO I RANA
MURVIK
MOSS
NARVIK
ODDA
OSLO
NAMSOS
OYE
PORSGRUNN
RISOR
ROROS
RORVIK
SANDEFJORD
SANDNES
SAUDA
STORDAL
STRAUMGJERDE
SENJA
SKIEN
STOKMARKNES
SKUDENESHAVN
SKOGN
SLAGENSTANGEN
SLEMMESTAD
SORTLAND
SOGNDAL
SARPSBORG
SPJELKAVIK
STRANDA
STORD
SOTRA
SANDNESSJOEN
STATHELLE
STEINKJAR
SUNNDALSORA
STAMSUND
SVELGEN
STAVANGER
SVOLVAER
SVELVIK
SYKKYLVEN
TANANGER
TAU
THAMSHAMN
TJORVAG
TOFTE I HURUM
TOMREFJORD
TONSBERG
TROMSO
TRONDHEIM
TYSSEDAL
TVEDESTRAND
ULSTEINVIK
VAKSDAL
VARDO
VOLDA
VADSO
VERDAL
VESTNES
BIRATNAGAR
BIRGUNJ
KAILALI
KAKARBITTA (JHAPA)
KATHMANDU
POKHARA
SIMARA
SUNAULI
NAURU ISLAND
NIUE ISLAND
AKARON
AUCKLAND
ALEXANDRA
ASHBURTON
BLENHEIM
BLUFF HARBOUR
LYTTELTON/CHRISTCHURCH
CHEVIOT
CHATHAM ISLAND
CURTIS
DEVONPORT
DARGAVILLE
DEEP COVE
DUNEDIN
FORTROSE
FOXTON
GREAT BARRIER IS
GISBORNE
GREYMOUTH
GOLDEN BAY
HOKITIKA
INVERCARGILL
KAIAPOI
KAITAIA
KAIKOURA
KAIKOHE
KAITANGATA
LYTTELTON
MARSDEN POINT
MOUNT NAUNGANUI
MOUNT COOK
MOTUEKA
NAPIER
NEW PLYMOUTH
NELSON
OAMARU
ONEHUNGA (MAMEKAU HARBOUR)
OPUA (BAY OF ISLAND)
OTAGO HARBOUR
PICTON
PENROSE
PALMERSTON
PORT CHALMERS
RAGLAN
ROTORUA
TE ANAU
TAHAROA
TIMARU
THAMES
TAURANGA
TAUPO
WANGANUI
WATAROA
WAVERLEY HARBOUR
WHALIGARI
WHEKENUI
WHAKATANE
WHANGAPARAPARA
WAIROA
WAIKARI
WELLINGTON
WHANGAREI
WAITAKI
WALKWARTH
FAHAL
MUSCAT
MIN-AL-FAHAL
MUTHRA
PORT QABAS
RAYSUT
SALALAH
SOHAR
ACHUTUPO
AGUADULCE
PUERTO ARMUELLES
BALBOA
CALEDONIA
CRISTOBAL
CHITRE
CARTI
CORAZON DE JESUS
DAVID
EL REAL
GARACHINE
GATUN
JAQUE
MIRAFLORES
LAS MINAS
MAMITUPO
MULATUPO
NARGANA
PARAISO
PUERTO ALMIRANTE
PAYARDI
PORTO BELLO
BAHIA DE LAS MINAS
LA PALMA
PANAMA CITY
PUERTO OBALDIA
PORVENIR.
PLAYON CHICO
YAVISA
RIO TIGRE
RIO ALZUCAR
RIO SIDRA
SAMBU
TUPILE
TUBALA
USTOPO
ANCON
ANDAHUAYLAS
AREQUIPA
ANTA
ATICO
AYACUCHO
CABO BLANCO
CHIMBOTE
CHANCAN
CHICLAYO
CAJAMARCA
CALLAO
ETEN
GENERAL SAN MARTIN
HUACHO
HUANUCO
HUARMEY
ILO
IQUITOS
JUANJUI
LIMA
MOLLENDO
MATARANI
PACASMAYO
PAITA
PUERTO CHICAMA
PUCALLPA
PUERTO MALDONADO
PISCO
PIURA
PIMENTEL
PUNO
RIOJA
SAMANCO
SUPE
SALAVERRY
TUMBES
TACNA
TAMBO DE MORA
TINGO MARIA
TARAPOTO
TALARA
YURIMAGUAS
ZORRITOS
ANAA
APATAKI
ATUONA
BORA BORA
FAKARAVA
GAMBIER ISLAND
HAO IS
HUAHINE
KAUKURA
MAUPITIA
MAKEMO
MOOREA
MATAIVA
NUKU HIVA
PAPEETE
RAIATEA IS
RANGIROA IS
RURUTU
TIKEHAU
TAKAPOTO
TUBUAI ISLANDS
UA HUKA
UA POU
MANIHI
ABAU
ASEKI
ANGORAM
WANIGELA
AIOME
AKINUM
AMA
AMANAB
ANEWAY BAY
ARAGIP
NAMATANAI - NEW HANOVER ISL.
AITAPE APT
AMBUNTI
AIYURA
AMAZON BAY
BIALLA
BAIBARA
BEREINA
BOUGAINVILLE
BAMU
BUNA
BODINUMU
BUNDI
BANZ
BOANG
BUKA
BULOLO
BEWANI
CAPE GLOUCESTER
KUNDIAWA
CAPE RODNEY
CAPE VOGEL
DARU
DOROBISORO
EFOGI
EMIRAU
EMBASSA
ERAVEZ
ESA'ALA
FINSCHHAFEN
FANE
FULLEBORN
GUSAP
GARAINA
GILAU
GOROKA
GASMATA ISLAND
GARUAHI
GUARI
ALOTAU
MOUNT HAGEN
HOSKINS
HAYFIELDS
IHU
NISSAN ISLAND
IAMALELE
IMONDA
IOKEA
IOMA
ITOKOMA
INUS
JACQUINOT BAY
JOSEPHSTAAL
KOROBA
KANDEP
KANDRIAN
KANABEA
KAGI
KIETA
KIMBE
KAMIRABA
KOKODA
KALO
KEREMA
KARIMUI
KOMA-MANDA
KOKORO
KOPIAGO
KAKAPO
KOL
KIKORI
KAIRUKA
KARKAR
KUPIANO
KAVIENG
KAINTIBA
LABLAB
LAE - MOROBE
LUMI
LESE
LANGIMAR
LOLOHO
LORENGAU - MANUS ISLAND
LOSIUA
MADANG
MANAM ISLAND
MAMAI
ADMIRALTY ISL.=MANUS ISL.
MUNDUJU
MENDI
MARGARIMA
MANGA
MOREHEAD
MIELELEK
MISIMA ISLAND
MALEKOLON
MALALAUA
MAPUA
MANARE
MUSSAU
MENYAMYA
NAMUDI
NOWATA
OPEN BAY
BALIMO
PAMBWA
PUMANI
PIMAGA
POPONDETTA
PORT MORESBY
PUAS
RAKANDA
RABAUL
RAMBUTYO ISLAND
RABARABA
PORGERA
YULE ISLAND
ROBINSON RIVER
OROBAY
RUSSEL ISLAND
SALAMO
SABAH
SCHAUTEN
SAIDOR
SAFIA
SAGARAI
SILA
SIMBAI
STOCKHOLM
SALAMAU
SOKAR ISLAND
SIPUL
SAMARAI
SIASSI
SEHULEA
TAMBUTYO ISLAND
TAUGU ISLAND
TABIBUGA
TABUBIL
TETEBEDI
TERAPO
TEPTEP
TUFI
TELEFOMIN
TAGULA
TINGWON
TARI
TOL
TOLOKIWA ISLAND
TOROKINA
TAPINI
TASKUL
BUIN
NUKU
MANUMU
UVOL
VANIMO
BAIMURU
WABO
WAPENAMANDA
WEDAU
WEAM
WITU
WAKUNAI
WOODLARK
WOITAPE
WAU
WUVULU IS
WEWAK
BINIGUNI
ABULOG/APARRI
ADLAY/BISLIG
AHERON/OZAMIS
ALASANG/SIAIN
ALERAN/OZAMIS
AMUNITAN/APARRI
ANAKAN/MASAO
APARRI - LUZON
ARAS ASAN/BISLIG
ATIMONAN/SIAIN
BABATO/DADIANGAS
BAGUIO
BAIS/DUMAGUETE
BALABOE
BAUAN/BATANGAS
BACOLOD - NEGROS
BACON/LEGASPI
BASILAN CITY - BASILAN
BACULIN/MATI
BAGUI BAY/SAN FERNANDO
BUCAR GRANDE/SURIAGAO
BALINGASAG/CAGAY APT DE ORO
BIYAWA/DAVAO
BALANGA/BATAN
BALABAC/ILIGAN
BALOGO/BATANGAS
BALENGAN/SIAIN
BOLOS POINT/APARRI
BALINTANG/PUERTO PRINCESA
BALUMO/ZAMBOANGA
BAGANGA/MATI
BANAWAN/DADIANGAS
BOAC - MARINDUQUE
BOGO/CAGAYAN DE ORO
BOSTON/DAVAO
BISLIG - MINDANAO
BALER/SIAIN
BAROBO/BISLIG
BROOKS POINT/SIAIN
BARTON/PUERTO PRINCESA
BASCO
BASEY/CATBALOGAN
BATANGAS - LUZON
BATAAN - MARIVELES
BATARASA/PUERTO PRINCESA
BANTAYON/SAN JOSE
BUDBUD/DAVAO
BUGO
BULAN - LUZON
BURDEES/SIAIN
BUTUAN BAY/MASAO
BAYBAY/TACLOBAN
BAYANG POINT
BAYABAS/BISLIG
BAYAWAN/DUMAGUETE
CABUGAO BAY/LEGASPI
CAJODIOCAN/SIAIN
COTABATO - MINDANAO
CALBAYONG/CATBALOGAN
CALAG-CALAG/DUMAGUETE
CALDERA BAY/ZAMBOANGA
CEBU
CASIGURAN/SIAIN
CAMIGUIN ISLAND/APARRI
CALUG POINT/ZAMBOANGA
CALAGUITAN/TACLOBAN
CAGAYAN DE ORO - MINDANAO
CALAPAN/BATANGAS
CLAVERIA/APARRI
CAMALAGAWAN/APARRI
CANTILAN/SURIGAO
CANAYBON/CATBALOGAN
CAPALONGA/SIAIN
CARAGA/MATI
CARTAGENA/ILOILO
CASUL BAY/OZAMIS
CATAMON BAY/ILOILO
CATBALOGAN - SAMAR
CALUGIAN/TACLOBAN
CULION
CATANAUAN
CURUAN/ZAMBOANGA
CAVITE - LUZON
CALOWAYAN/CATABALOGAN
CALBAYOG APT
CAUAYAN
DADIANGAS - MINDANAO
DINADIAWAN/APARRI
DINGALAN/SIAIN
DUMAGUETE
DICULUM/ZAMBOANGA
DIDADONGAN/APARRI
DIOTORIN/SIAIN
DIRGALAN
DIVILACAN/APARRI
DINAGAT ISLAND/SURIGAO
DINALONGAN/SIAIN
DIPOLOG/OZAMIS
DIAPITAN/SIAIN
DIARABOAN/SIAIN
DAVAO - MINDANAO
GACHITORENA/JOSE PANGANIBAN
GASAN
GENERAL SANTOS/DADIANGAS
GIGAGUIT/SURIGAO
GIGMOTE/LEGASPI
GINGOOG/MASAO
GUIMARAS/ILOILO
GENERAL ISLAND/BISLIG
HIJO WHARF/DAVAO
HIMAMAYALAN/ILOILO
HINOBAAN/ILOILO
HINIGARAN/ILOILO
HINATUAN/BISLIG
HONDAGUA/SIAIN
HOOK BAY/SIAIN
ILIGAN - MINDANAO
ILOILO - PANAY
IPIL/ZAMBOANGA
ISABELA DE BASILAN/BASILAN
ISABEL
JASAAN/CAGAYAN DE ORO
JIMENEZ/OZAMIS
JOLO
JOSE PANGANIBAN - LUZON
KAROMATAN/ILIGAN
KABASALAN/ZAMBOANGA
KATIPUNAN/OZAMIS
KIAMBA/DADIANGAS
KILBAY POINT/JOSE PANGANIBAN
KIPIT/OZAMIS
KIWALAN/ILIGAN
KALIBO
KOLAMBUGAN/ILIGAN
KUMALARANG/ZAMBOANGA
LABASON/ZAMBOANGA
LAGONOY/JOSE PANGANIBAN
LAMIT BAY/JOSE PANGANIBAN
LANUZA/BISLIG
LAOAG - LUZON
LEBAK/PARANG
LEYTE
LINGIG/BISLIG
LEGASPI - DAVAO
LIANGA/BISLIG
LIBJO/SURIGAO
LIMAY/BATAAN
LINGAYEN - LUZON
LINIK/DADIANGAS
LUNAO/CAGAYAN DE ORO
LOMUYON/DADIANGAS
LOOC BAY/SAN JOSE
LONG POINT/PUERTO PRINCESA
LIPA
LA PAZ/ILOILO
LA RAP/JOSE PANGANIBAN
LUGAIT/CAGAYAN DE ORO
LUMASAL/DADIANGAS
MAIBINI/DAVAO
MATHO CORTEZ/BISLIG
MADAUM/DAVAO
MAITUM/DADIANGAS
MAKAR/DADIANGAS
MAMBURAO
MASBATE
MERCEDES/JOSE PANGANIBAN
MACOJALAN/OZAMIS
MACO/DAVAO
MEDINA/CAGAYAN DE ORO
MAGALONA/ILOILO
MAGUEDA BAY/CATBALOGAN
MANGOGOY/BISLIG
MARINHATAG/BISLIG
MISAMIS OR./CAGAYAN DE ORO
MILBUK/DADIANGAS
MISAMIS OCC./OZAMIS
MALUSOBAY
MALALAG/DAVAO
MALABANG
MAGELLANES/MASAO
MANILA
MANAY/MATI
MONSERRAT/MATI
MORONG/MARIVELES
MARINDUQUE
MALASUGAT BAY/ZAMBOANGA
MASINLOC/SUAL
MISSION/APARRI
MANANSALAY/BATANGAS
MATINA APLAYA/DAVAO
MULANAY/SIAIN
MURCILAGUS/OZAMIS
MARIVELES - LUZON
MATI - MINDANAO
NABULAO BAY/ILOILO
NALUNGGA/ILOILO
NAPSAN/PUERTO PRINCESA
NARIS POINT/PUERTO PRINCESA
NASIPIT/MASAO
NAGH
NONOC/SURIGAO DEL NORTE
MACTAN ISLAND
SANGLEY POINT
NASUGBU - LUZON
OPOL/CAGAYAN DE ORO
ORAYUITA
ORMOC/TACLOBAN
ORAS/CATBALOGAN
OTEIZA/BISLIG
OZAMIS, MINDANAO
PAGADIAN/ZAMBOANGA
PASAY - LUZON
PORT BARTON/PALAWAN
PANACAN/DAVAO
POLANDOC/OZAMIS
PACIO DE ROZAS/BATANGAS
PANGUTARAN/JOLO
PINAMALAYAN/BATANGAS
PLARIDEL/OZAMIS
PALAMIT BAY/SAN JOSE
POLLILIO/SIAIN
PALAPAG/SAN JOSE
PALAWAN/OZAMIS
PAMINTAYAN/ZAMBOANGA
PANABUTAN/ZAMBOANGA
PANINIRONGAN/SANJOSE
PUNTI/APARRI
PAMPLONA/APARRI
PASELANG PAGUDPUD/SAN FERNANDO
PUERTO PRINCESA - PALAWAN
PARANG
PORO/SAN FERNANDO
PASALANG BAY/APARRI
PUNTALINAO/MATI
PUGAD/BISLIG
QUINABLAGAN/MATI
QUIPIT BAY/OZAMIS
QUESON/SIAIN
QUIDDIAO/APARRI
REAL/SIAIN
ROMBLON
ROXAS/PUERTO PRINCESA
SAGAY/ILOILO
SANTA ANNA/APARRI
SASA/DAVAO
SAYAO/BATANGAS
SABBOT/SIAIN
SABANG
SABLAYAN/BATANGAS
SAN CARLOS/DUMAGUETE
SANTA CRUZ/SUAL
SANTA CATALINA/DUMAGUETE
SINDANGAN/OZAMIS
SAN FERNANDO - LUZON
SUBIC BAY
SOGOD/TACLOBAN
SIGAYAN/PARANG
SIAIN - LUZON
SAN IGNACIO/MATI
SIARI/OZAMIS
SAN ISIDRO/SANJOSE
SIAY/ZAMBOANGA
SAN JOSE - SAMAR
SULTAN KUDARAT/DADIANGAS
SANTA LUCIA/PUERTO PRINCESA
SANTA MARIA/ZAMBOANGA
SANGI/CEBU
SORSOGON/LEGASPI
SAN PIO QUINTO/APARRI
SAN TEODORO/BATANGAS
SUAL
SURIGAO - MINDANAO
TACLOBAN - LEYTE
TAGBILARAN - BOHOL
TAYTAY/PUERTO PRINCESA
TABACO/LEGASPI
TABANGOA
TABLAS
TAGABULI/DAVAO
TANDOC
TANDAG/BISLIG
TAGUDIN/SAN FERNANDO
TUGUIS/DADIANGAS
TAGUILON/OZAMIS
TAMBONGON/DAVAO
TAGOLOAN MIS. OR/CAGAYAN DE ORO
TAGUITE BAY/ZAMBOANGA
TUNGAWAN BAY/ZAMBOANGA
TIBUNGCO/DAVAO
TAGKAWAYAN/SIAIN
TOLEDO/CEBU
TOLONG/DUMAGUETE
TALOMO/DAVAO
TOLOPO
TOLOSA/TACLOBAN
TANAUAN/TACLOBAN
TOBOSO/DUMAGUETE
TUGUEGARAO
ULUNGAN BAY
UMRUR
VICTORIAS - NEGROS
VILLANUEVA
VIRAC
VITALI/ZAMOANGA
VITO/ILOILO
WASAG/DADIANGAS
WAWA/BATANGAS
NAGA/ZAMBOANGA
SIOCON/ZAMBOANGA
ZAMBOANGA - MINDANAO
KARACHI-MUHAMMAD BIN QASIM
CHITRAL
CAMPBELLPORE
GILGIT
GUJRAT
GWADAR
JIWANI
KETI BUNDER
KARACHI
LAHORE
MOHENJODARO
MULTAN
NOK KUNDI
ORMARA
PESHAWAR
PANJGUR
PASNI
RAWALPINDI
SUKKUR
SUI
TORKHAM
QUETTA
MAWABSHAH
DARLOWO
GDANSK
GDYNIA
HEL
KOLOBRZEG
KRAKOW
NEUFAHRWASSER
NOWY PORT
POZNAN
RZESZOW
SWINOUJSCIE
SZCZECIN
USTKA
WARSZAWA
WLADYSLAWOWO
WROCLAW
ST PIERRE
ARECIBO
ARROYO/GUAYAMA
AGUADILLA
CULEBRA
FAJARDO
GUANICA HARBOUR
GUAYANILLA
HUMACAO
MAYAGUEZ
PUERTO JOBOS
PONCE
PORT YABUCOA
VIEQUES
AVEIRO
BANATICA/LISBOA
FARO
FIGUEIRA DA FOZ
FUNCHAL - MADEIRA
LEIXOES
LISBOA
OLHAO
PORTO
PORTIMAO
PORTO SANTO
SETUBAL
SINES
VIANA DO CASTELO
VILA REAL DE SANTO ANTONIO
KOROR
ASUNCION
ENCARNACION/PACU-CUA
ITA ENRAMADA
VILLETA
DOHA
HALUL
HANNA
RAS LAFFAN
UMMSAID
POINTE DES GALETS
REUNION ISLAND
ARAD
BASARABI
BAIA MARE
BUCURESTI-BANEASA APT
BACAU
BISTRITA
BORS
BOTOSANI
BRAILA
BRASOV
BUCURESTI BASARAB
BUCURESTI INTREPOZITE
BUCURESTI NORD
BUCURESTI 50 VAMA
BUZAU
CALAFAT
CAREI
CALARASI
CERNAVODA
CLUJ NAPOCA
CONSTANTA
CORABIA
CRAIOVA
CARANSEBES
CURTICI
DORNESTI
DROBETA TURNU SEVERIN
EPISCOPIA BIHOR
FALCIU
FOCSANI
GALATI
GALATI TRANSBORDARE
GIURGIU
GIURGIU NORD
HALMEU
IASI
JIMBOLIA
MANGALIA
MEDGIDIA
MIDIA
MOLDOVA VECHE
NAIDAS
NEGRU VODA
NICOLAE BALCESCU
NICOLINA
OLTENITA
ORADEA
ORSOVA
OTOPENI APT-BUCURESTI
PORTILE DE FIER DOI
PORTILE DE FIER UNU
PIATRA NEAMT
PITESTI
PLOIESTI TRIAJ
RADAUTI
RESITA NORD
RESITA SUD
RIMNICU VILCEA
SALONTA
SIBIU
SUCEAVA
SIGHETU MARMATIEI
SIMERIA TRIAJ
SOCOLA
SOMESENI
STAMORA MORAVITA
SATU MARE
SULINA (PORT ET ZONE FRANCHE)
SUCEAVA NORD
TULCEA
TIRGU MURES
TIMISOARA NORD
TIMISOARA
TURNU MAGURELE
VALEA LUIMIHAI
VARSAND
VAMA VECHE
VICSANI
ZIMNICEA
BELGRADE (BEOGRAD)
PRISTINA
SOCHI-ADLER APT
ARKHANGELSK
ASTRAKHAN
AZOV
BELUSHYE
BELOMORSK
BERINGOVSKIY-PORT
BAGRATIONOVSK
BIYSK
BALTIYSK
CHEREPOVETS
DE-KASTRI
MOSCOW-DOMODEDOVO APT
DUDINKA
ANADYR
EGVEKINOT
GREMIKHA
IGARKA
YAROSLAVL
TIKSI
IOKANGA
KANDALAKSHA
KEM
KERET
KHOLMSK
KINESHMA
KRASNOJARSK
KALININGRAD
KAMSKOYE USTYE
VELIKAYA KEMA
KORSAKOV
KRASNODAR
KISLAYA GUBA
KULTUK
KAZAN
LAZAREV
ST PETERSBURG
MAKHACHKALA
MEDVEZHYEGORSK
MEZEN
MAGO
MURMANSK
MAMONOVA
MONDY
MOSCOW
MOSKALVO
NABERZHNIYE CHELNY
NEVELSK
NIKOLAEVSK-NA-AMURE
NAKHODKA
NAUSHKI
NARYAN MAR
NOVAYA ZEMLYA-O.
NOVOROSSIYSK
OKHOTSK
OKTYABRSKIY
BUKHTA OLGA
OLENYA-GUBA
OLENIY-O.
ONEGA
NOVOSIBIRSK-TOLMACHEVO APT
PECHENGA
PETROKREPOST
PETROZAVODSK
PECHORA
PETROPAVLOVSK-KAMCHATSKIY
PROVIDENIYA-BUKHTA
PORONAISK
POSYET
PLASTUN
PUDOZH
PEVEK
RUDNAYA PRISTAN
ROSTOV
RYBINSK
SEGEZHA
SEVERODVINSK
SHAKHTERSK
SLAVYANKA
SOLOVYEVSK
SOCHI
SOVETSKAYA GAVAN
SEVEROMORSK
SVETLAYA
SEVERO-KURILSK
MOSCOW-SHEREMETYEVO APT
SYZRAN
TAGANROG
TOLYATTI
TUAPSE
UGLEGORSK
UST-KAMCHATSK
ULYANOVSK
UMBA
URA GUBA
USINSK
MOSCOW-VNUKOVO APT
VANINO
VOLGOGRAD
VLADIVOSTOK
VYBORG
VOSTOCHNIY-PORT
VOZROZHDENIYA-BUKHTA
ZAVYALOVA-O
ZARUBINO
ZABAIKALSK
KIGALI
ABU AL KHOOSH
AL HADA
JOUF
WAISUMAH
BADANA
BISHA
DHAHRAN
DAMMAM
NEJRAN
WEDJH
GASSIM
GIZAN
HAIL
HAFUF
IENBO
JEDDAH
JUBAIL
LITH
MAKKAH
MANAILIH
MEDINA
MANFOUHA
QALSN
QURAYYAH
RABIGH
RAFHA
RAS AL MISH AB
RAS AL KHAFJI
RAS TANURA
RIYADH
SHARAWRAH
SALBOUKH
TAIF
TURAIF
TABUK
GURAYAT
UMM LAJI
YANBO
ZULAYFAYN
AUKI - MALAITA ISLAND
AVU AVU - GUADALCANAL ISLAND
BALALAE - SHORTLAND ISLANDS
BELLONA ISLAND
CHOISEUL BAY - CHOISEUL ISLAND
SEGE - NEW GEORGIA
FERA ISLAND - SANTA ISABEL ISLAND
GIZO ISLAND
HONIARA - GUADALCANAL ISLAND
KIRA KIRA - SAN CRISTOBAL ISLAND
LEVER HARBOUR - NEW GEORGIA
MBAMBANAKIRA - GUADALCANAL ISLAND
MUNDA - NEW GEORGIA
NORO - NEW GEORGIA
ONEPUSA - MALAITA ISLAND
PARASI - MALAITA ISLAND
RINGI COVE - KOLOMBANGARA
RENNELL ISLAND
MARAU SOUND - GUADALCANAL ISLAND
SANTA CRUZ ISLAND
SHORTLAND HARBOUR - SHORTLAND ISL.
ALLARDYCE HARBOUR - SANTA ISABEL IS
TULAGI, NGELLA
YANDINA - PAVUVU ISLAND
BIRD ISLAND
PORT VICTORIA
PRASLIN ISLAND
MAHE ISLAND APT
ATBARA
DONGOLA
EL OBEID
GENEINA
EL FASHER
JUBA
KHARTOUM
KASSALA
MALAKAL
MEROWE
NEW HALFA
PORT SUDAN
ROSEIRES
SWAKIN
HELSINGBORG-ANGELHOLM
AHR
AHUS
ALA
ALFREDSHEM
AMAL
ANKARSVIK
ARBRA
ARNOVIKEN
STOCKHOLM-ARLANDA
ARVIKA
BATSKARSNAS
BERGKVARA
BILLINGSFORS
BLANKAHOLM
BORLANGE
STOCKHOLM-BROMMA
BOLLSTABRUK
BORGHAMN
BORAS
BREDVIKEN
BROFJORDEN
BROTTBY
BUREA
DEGERHAMN
DJURMO
DOMSJO
DYNAS
ESKILSTUNA
ENEBYBERG
ENKOPING
ESSVIK
SVEG
FALKENBERG
FAGERVIK
FALUN
FIGEHOLM
FINSPANG
FJALLBACKA
FLEN
FRANO
GAMLEBY
GALLIVARE
GUSTAFSVIK/STHLM
GLANSHAMMAR
GOTHENBURG
GRABO
GRUVON
GUSTAFSVIK
GAVLE
HAPARANDA
HALMSTAD
HALLSTAVIK
HARGSHAMN
HALLSTANAS
HOLSBYBRUNN
HELSINGBORG
HERRANG
HOLMSUND
HULTSFRED
HARNOSAND
HORNEFORS
HOGANAS
HONSATER
HUDIKSVALL
IGGESUND
JARFALLA
JONKOPING
KARLSKRONA
KAGE
KARLSVIK
KARLSHAMN
KALIX
KRISTINEHAMN
KRISTIANSTAD
KLINTEHAMN
KALMAR
KOPMANHOLMEN
KOPING
KORSNAS
KRAMFORS
KIRUNA
KARLSTAD
KUBIKENBORG
KUNGSHAMN
KVANUM
KARLSBORG AXELVIK
KYRKEBYN
LANDSKRONA
LANGASJO
LIDKOPING
LIMHAMN
LIDINGO
LINANAS
LJUSNE
LJUNGBY
LULEA
LOMMA
LINKOPING
LUND
LUGNVIK
LOVHOLMEN
LOVANGER
LYSEKIL
MARIESTAD
MARSVIKEN
MJOLBY
MALMO
MOLNLYCKE
MONSTERAS
MORARP
MORBYLANGA
MOTALA
MORA
MATTMAR
MUNKSUND
NAVEKVARN
NYHAMN
NORRTALJE
NORDMALING
NORRBYSKAR
NORRSUNDET
NORRKOPING
NASVIKEN
NYNASHAMN
NYKOPING
OAXEN
OBBOLA
OCKELBO
ORNSKOLDSVIK
OREBRO
ORVIKEN
OSTERSUND
OSKARSHAMN
OSTRAND
OTTERBACKEN
OXELOSUND
PASKALLAVIK
PITEA
RAA
RAMVIK
RONNEBY
RONE
RONNSKAR
RUNDVIK
SANDARNE
SAFFLE
SANDVIKEN
SALTSTOBADEN
SUNDSVALL
SESKERO
SKELLEFTEA
SIKEA
SIMRISHAMN
SKARBLACKA
SKELLEFTEHAMN
SKONVIK
SKUTHAMN
SKURUP
SKOVDE
SLITE
STROMSTAD
SODERTALJE
SODERKOPING
SOLVESBORG
SODERHAMN
SORAKER
SPANGA
SPRANGSVIKEN
SKUTSKAR
STOCKA
STENUNGSUND
STOCKVIK
STRANGNAS
STUGSUND
STORA VIKA
STOCKSUND
SUNDBYBERG
SVARTVIK
SVANO
TRANEMO
TROLLHATTAN
TIBRO
TIDAHOLM
TORSHALLA
TORE
TOMELILLA
TOREKOV
TRANGSVIKEN
TRELLEBORG
TROSA
TUNADAL
TYGELSJO
UDDEVALLA
UMEA
UPPSALA
URSVIKEN
UTANSJO
VARBERG
VAJA
VALDEMARSVIK
VALLVIK
VANERSBORG
VARNAMO
VISBY
VIVSTAVARV
VASTERAS
VASTERVIK
VAXJO
WALLHAMN
YSTAD
PULAN AYER CHAWAN
JURONG
KEPPEL WHARVES
PASIR PANJAN WHARVES
SINGAPORE CONTAINER TERMINAL
SEMBAWANG PORT
SINGAPORE
TELOK AYER BASIN
ASCENCION
JAMESTOWN
TRISTAN DA CUNHA
IZOLA
KOPER
LJUBLJANA
PIRAN
BARENTSBURG
LONGYEARBYEN
NY ALESUND
SVEAGRUVA
BRATISLAVA-DEVIN.N.VES
BRATISLAVA PORT
PETRZALKA/BRATISLAVA
BRATISLAVA APT
CANA
FILAKOVO
ZILINA
KOMARNO
KOMARNO PORT
KOSICE
LUCENEC
PIESTANY
RUSOVCE
SAHY
SLIAC
STUROVO
TATRY/POPRAD
TRSTENA
BONTHE
FREETOWN
GBANGBATOK
HASTINGS APT/FREETOWN
BO
KENEMA
NITTI
PEPEL
SHERBRO
SAN MARINO
BAKEL
CAP SKIRRING
DAKAR
KEDOUGOU
KAOLACK
MATAM
RICHARD TOLL
SIMENTI
TAMBACOUNDA
ST LOUIS
ZIGUINCHOR
ALULA
BERBERA
BURAO
GARDO
HARGEISA
KISMAYU
MERCA
MOGADISHU
ALBINA
NIEUW NICKERIE
MOENGO
PARAMARIBO
PARANAM
SMALKALDEN
STOELMANSEILAND
BISSAO
PRINCIPE
SAO TOME ISLAND
ACAJUTLA
CABO JOJO
HAINA
SABANA
SAN SALVADOR
SANTO TOMAS DE CASTILLA
SAN PEDRO DE MARCORIS
ALEPPO
BANIYAS
DAMASCUS
DEIR-EZZOR
KAMESHLI
LATAKIA
TARTOUS
MANZINI
GRAND TURK ISLAND
MIDDLE CAICOS
NORTH CAICOS
PINE CAY
SALT CAY
SOUTH CAICOS
ABECHER
ATI
MELFI
MOUNDOU
MONGO
NDJAMENA
BONGOR
BOL
ANECHO
KPEME
LOME
BANGKOK
BANDON
BANGNARA
BANLAEM
BAN TAJUA PA
CHIANG-RAI
CHUMPORN
CHIANG MAI
HAT YAI
MAE HONG SON
PHUKET
KANJANG
KRABI
KHON KAEN
KOH LANTA
KLONG-YAI
KOH NOK
NAKHOM PHANOM
KOH SICHANG
KOH YAO
LANG SUAN
LAEM CHABANG
LAT　KRABANG
LOEI
LAMPANG
MEKLONG
NAN
PATTANI
PHANGNGA
PHITSANULOK
PAKBARA
PAKNAM
PAKPANANG
PHRAE
SATTAHIP
SONGKHLA
SICHOL
SINGORA
SRIRACHA
TA-CHALAEB
THA SALA
TRANG
UBON RATCHATHANI
RANONG
KOH SAMUI
UDON THANI
DUSHANBE
ATAFU
FAKAOFO
NUKUNONU
ASHKHABAD
BEJA
BEN GARDANE
BIZERTE
DJERBA
GABES
KELIBIA
KERKENA
KALAA KEBIRA
KORBA
LA GOULETTE NORD (HALQUELOUED)
LA SKHIRRA
MAHARES
MATEUR
MENZEL BOURGUIBA
MONASTIR
MOKNINE
MENZEL TEMIME
NABEUL
SFAX
SOUSSE
TABARKA
TUNIS
EUA
HA'APAI
NEIAFU
NUKU'ALOFA-TONGATAPU
VAVA'U
ADANA
AFYON
AKCAABAT - TRABZON
AKCAY - BALIKESIR
ALANYA - ANTALYA
ANKARA
KAYSERI
AYANCIK - SINOP
ANTALYA
AYVALIK - BALIKESIR
BANDIRMA - BALIKESIR
BOGAZAGZI - ZONGULDAK
BUYUKCUKUR - BURSA
BODRUM
BOZBURUN - MUGLA
BOZCAADA - CANAKKALE
CESME - IZMIR
CIGLI - IZMIR
CANAKKALE
CUBUKLU - ISTANBUL
DATCA - MUGLA
DEREKOY - KIRKLARELI
DIKILI - IZMIR
DIYARBAKIR
DERINCE - KOCAELI
ENEZ - EDIRNE
EREGLI - ZONGULDAK
ERZURUM
ESENBOGA APT/ANKARA
ESKISEHIR
FATSA - ORDU
FETHIYE - MUGLA
FINIKE - ANTALYA
FOCA - IZMIR
GOKCEADA - CANAKKALE
GOCEK - MUGLA
GELIBOLU - CANAKKALE
GEMLIK - BURSA
GIRESUN
GOKOVA - MUGLA
GORELE - GIRESUN
GULLUK - MUGLA
GAZIANTEP
HARAMIDERE - ISTANBUL
HAYDARPASA - ISTANBUL
HEREKE - KOCAELI
HOPA - ARTVIN
IZMIR-CIGLI AIRBASE
IGNEADA - KIRKLARELI
INEBOLU - KASTAMONU
IPSALA - EDIRNE
ISKENDERUN - HATAY
ISTANBUL
IZMIR (SMYRNA)
IZMIT - KOCAELI
KARTAL - ISTANBUL
KAS - ANTALYA
KAPIKULE - EDIRNE
KAPIKOY - VAN
KARABIGA - CANAKKALE
KUSADASI - AYDIN
KONYA
MERSIN - ICEL
MARMARA ADASI - BALIKESIR
MARMARIS - MUGLA
MUDANYA - BURSA
MUGLA
ODUNLUK - CANAKKALE
ORDU
PAZARKULE - EDIRNE
RIZE
SERVIBURUN - ISTANBUL
SEYDISEHIR - KONYA
SINOP
SIRKECI - ISTANBUL
SAMSUN
TASUCU - ICEL
TEKIRDAG
TIREBOLU - GIRESUN
TURAN - IZMIR
TUTUNCIFTLIK - KOCAELI
TRABZON
UNYE - ORDU
VAN
SIVAS
YARIMCA - KOCAELI
YESILKOY - ISTANBUL
ZONGULDAK
CHAGUARAMAS
LA BREA (BRIGHTON)
PORT OF SPAIN
POINT FORTIN
POINT GALEOTA
POINTE A PIERRE
POINT LISAS
SCARBOROUGH/TOBAGO
TOBAGO
TEMBLADORA
FUNAFUTI
AN PING
CHIAYI
HSINCHU
HUALIEN
KEELUNG (CHILUNG)
KAOHSIUNG (TAKAO)
MAI LIAO
MAKUNG
SUAO
TAINAN
TAIPEI
TAITUNG
TAICHUNG
BUKOBA
DAR ES SALAAM
DODOMA
GEITA
KILIMANJARO/ARUSHA
KILWA KIVINJE
KILWA MASOKO
KILWA
LINDI
MAFIA
MICHIUJA
MIKINDANI
MKOKOTONI - ZANZIBAR
MOHORO
MTSORA
MUSOMA
MWANZA
MTWARA
NACHINGWEA
PANGANI
RIJIJU
SAMANGA
SONGEA
TABORA
TANGA
KIGOMA
TUNDUNA
ZANZIBAR
BELGOROD-DNESTROVSKIY
DONETSK
BERDYANSK
FEODOSIYA
KHARKOV
KIEV-ZHULHANY APT
ILYICHEVSK
IZMAIL
KIEV-BORISPOL APT
KERCH
KHERSON
MOSTISKA
MARIUPOL
NIKOLAYEV
ODESSA
ZAPOROZHYE
RAVA RUSKAYA
RENI
SIMFEROPOL
UZHGOROD
VLADIMIR-VLOYNSKIY
BUSIA
ENTEBBE
JINJA
KAMPALA
KASESE
MBARARA
TORORO
WAKE ISLAND
BAKER ISLAND
CAROLINE
HOWLAND ISLAND
JARVIS ISLAND
JOHNSTON ATOLL
KINGMAN REEF
MIDWAY ISLANDS
PALMYRA ATOLL
APALACHICOLA - FL
PT HADLOCK - WA
ALBUQUERQUE - NM
ABERDEEN - WN
ALBANY - NY
RAYMOND - WA
SUMAS - WA
SOUTH BEND - WA
ADAK ISLAND - AK
KODIAK - AK
AFOGNAK - AK
ATHENS
ALCAN - AK
ALGONAC - MI
ALBURG - VT
AMARILLO - TX
AMBROSE - ND
ANCHORAGE - AK
ANDERSON - SC
ANNAPOLIS - MD
ANTLER - ND
ANDRADE - CA
ALPENA - MI
ANN ARBOR - MI
ASHTABULA - OH
NASHUA - NH
ASTORIA - OR
ASHLAND - WI
ATLANTA - GA
ATRECO - TX
ARTESIA - NM
APPLETON - WI
AVONDALE - LA
AVON PARK - FL
ALEXANDRIA BAY - NY
BALTIMORE - MD
BURGAW - NC
BAYONNE - NJ
BLACKSBURG - VA
BOCAGRANDE - FL
BAUDETTE - MN
HARTFORD - CT
BRIDGEPORT - CO
BRIDGEWATER - ME
BEECHER FALLS - VT
BELFAST - ME
BERNALILLO - NM
BERWICK - ME
MOREHEAD CITY/BEAUFORT - NC
BANGOR - ME
BAR HARBOR - ME
BIRMINGHAN - AL
LAKEFRONT/CLEVELAND - OH
BLAINE - WN
BELLINGHAM - WA
NASHVILLE - TN
BENICIA - CA
BOSTON - MA
BROOKLYN/NEW YORK - NY
BEAUMONT - TX
BRADWOOD - OR
BROWNSVILLE - TX
BREWSTER - OH
BARROW - AK
BATH - ME
BATTLE CREEK - MI
BUTTE - MT
BATON ROUGE - LA
BURLINGTON - VT
BUFFALO - NY
BUCKSPORT/BELFAST - MA
LOS ANGELES-BURBANK APT
BURAS - LA
BOUNDARY - WN
CASTLE ISLAND - CA
CLARK FORK - ID
CALAIS - ME
CAMBRIDGE - MD
CAPITAN - CA
CARIBOU - ME
CARBURY - ND
FORT CHAFFEE - AR
CAPE CHARLES CITY - VA
CALVERT CITY - KT
CAMDEN - NJ
CORDOVA - AK
CONNEAUT - OH
CRESCENT CITY - CA
CHATTANOOGA - TN
CHICAGO - IL
CHARLESTON - SC
CHESTER - PA
CEDAR RAPIDS - IA
CLAYMONT - DE
CLEVELAND - OH
PT ANGELES - WA
CHALMETTE - LA
CHARLOTTE - NC
CLAYTON - NY
COLUMBUS - OH
CHAMBLEE - GA
COOS BAY - OR
CONCORD - NH
COLUMBIA - WA
CARPINTERIA - CA
CAPE CANAVERAL - FL
CARRABELLE - FL
CRISFIELD - MD
CROCKETT - CA
CORCORAN - CA
CORPUS CHRISTI - TX
CROSSETT - AR
CHARLESTON - WV
CARTERET - NJ
CHESTER - NY
CROSS CITY - FL
CUT AND SHOOT - TX
COLUMBUS - NM
CHATEAUGAY - NY
CINCINNATI - OH
CAPE VINCENT - NY
CALEXICO - CA
DALLAS - TX
DAVENPORT - CA
DAYTON - OH
DEL BONITA - MT
DERBY LINE - VT
NATIONAL APT/WASHINGTON
DECATUR - IL
DENVER - CO
DETROIT - MI
DALLAS-FORT WORTH INT APT
DALTON CACHA - AK
DULUTH - MN
DANVILLE - WN
DOVER-CHESWOLD -DE
DEL RIO - TX
DES MOINES - IA
DETOUR - MI
DOUGLAS - AZ
DUNSEITH - ND
DURHAM - NC
DUTCH HARBOR - AK
DAVANT - LA
DAVISVILLE - RI
EARLE - AR
KEARNEY - NE
EAST CHICAGO - IN
EDINA/MINNEAPOLIS - MN
EAGLE PASS - TX
EUREKA - CA
ELKHART - IN
ELK CITY - OK
EL PASO - TX
EL SEGUNDO - CA
KENAI - AK
KENOSHA - WI
EDMONDS - WA
EASTPORT - ID
EASTPORT - ME
ERIE - PA
ESCANABA - MI
ALEXANDRIA - VA
ELLISVILLE - MS
EVANSVILLE - IN
FALL RIVER-NEW BEDFORD APT
NEWARK - NJ
KEY WEST - FL
FABENS - TX
FAIRBANKS - AK
ROMA - TX
FRESNO - CA
FORT COVINGTON - NY
FERNDALE - WA
FERNANDINA BEACH - FL
FERRYSBURG - MI
KILL DEVIL HILLS - NC
FORT FAIRFIELD - ME
FORT KENT - ME
FORT LAUDERDALE - FL
FLUSHING APT/NEW YORK
FORT MYERS - FL
FORT BRAGG - CA
FREEPORT - TX
FORT PIERCE - FL
FAIRPORT - OH
FRIDAY HARBOR - WA
FRONTIER - WA
FRESH WATER BAY - AK
FORTUNA - ND
FORT WAYNE - IN
FORT WORTH - TX
GARDINER - OR
GEORGETOWN - TX
SPOKANE - WA
GEORGETOWN - SC
GRAND HAVEN - MI
GRAY'S HARBOUR/ABERDEEN - OR
GLOUCESTER CITY - NJ
GREENVILLE - MS
GLOUCESTER - MA
GALVESTON - TX
GROTON-NEW LONDON APT
GULFPORT - MS
GRAND PORTAGE - MN
GREEN BAY - WI
GRAND RAPIDS - MI
GRAYS RIVER - WA
GREENWICH - NY
GRAMERCY - LA
GREENVILLE-GREER APT - SC
GREAT FALLS - MT
GARY - IN
HAHNVILLE - LA
HARRISBURG - PA
HOBOKEN - NJ
HANSBORO - ND
HUMBOLDT BAY
HIDALGO - TX
HIGHGATE SPRINGS - VT
HANNAH - AK
HOONAH - AK
HONOLULU - HA
HAINES - AK
HUNTING - IN
HOBBS - NM
HOMER - AK
HOUSTON - TX
HOPEWELL - VA
BAYTOWN - HOUSTON - TX
HOQUIAM - WA
HURON - OH
HOULTON - ME
NEW HAVEN - CT
DULLES INT APT/WASHINGTON
WICHITA - KS
RANIER/INTERNATIONAL FALLS - MN
WILMINGTON - DE
WILMINGTON - NC
INDIANAPOLIS - IN
SALEM/WINSTON - NC
HILO - HA
JACKMAN - ME
JACKSONVILLE - FL
BERKELEY - CA
JERSEY CITY - NJ
JOHN F. KENNEDY APT/NEW YORK
JOPLIN - MO
SAUSALITO - CA
JUNEAU - AK
JOBOS
JONESPORT - ME
KENMORE/SEATTLE - WA
KALTAG - AK
KALAMA - WA
KASITNA BAY - AK
KINGS BAY - GA
KANSAS CITY - KS
KENMORE AIR HARBOR - WA
KELSO - WA
KALAMAZOO - MI
KETCHIKAN - AK
LAS VEGAS - NV
LAURIER - WA
LOS ANGELES - CA
LUBBOCK - TX
LAKE CHARLES - LA
LEMMON - SD
LA GUARDIA APT/NEW YORK
LONG BEACH - CA
LONGVIEW - CA
LOGAN AIRPORT - MA
LITTLEROCK-NORTH LTL ROCK - AR
LIMESTONE - ME
LEOMINSTER - MA
LONGVIEW - WA
LORAIN - OH
LAREDO - TX
LUKEVILLE - AZ
LOUISVILLE - KY
LAURENS
LAWRENCEBURG - IN
LEWISBURG - WV
LAWRENCE - MA
LYNDEN - WA
MADAWASKA - ME
MARCUS HOOK - PA
MAIDA - ND
MIDLAND-BAY CITY-SAGINAW APT
MACKINAC ISLAND - MI
KANSAS CITY APT - MO
MANCHESTER - WA
MERRILLVILLE - IN
MEMPHIS - TN
MIAMI - FL
KANSAS CITY - MO
MILWAUKEE - WI
MUSKEGON - MI
MOSS LANDING - CA
MOBILE - AL
MONTICELLO - KY
MARINETTE - WI
MOUNTPLIER - OH
MARQUETTE - MI
MORGAN - MT
MOREHEAD CITY - NC
MORGANTON - NC
MOREO - TX
MELROSE PARK - IL
MORRISTON - NY
MARYSVILLE
MONTERRY - CA
MARTINEZ - CA
MINNEAPOLIS - MN
MASSENA - NY
MANISTEE/MUSKEGON - MI
NEW ORLEANS - LA
METALINE FALLS - WA
METLAKATLA - AK
MARTIN MARIET/BALTIMORE - MD
MANITOWOC - WI
MELLVILLE - RI
MOUNT VERNON - OH
MYRTLE GROVE - LA
MARION - IN
NACO - AZ
NEAH BAY - WA
NECHE - ND
NEEDHAM - MA
WHITEHOUSE - FL
DESTREHAN - LA
NORTHGATE - ND
ALAMEDA - CA
NIGHTHAWK - WA
NOONAN - ND
NOYES - MN
NEWPORT - OR
NEWPORT - RI
NORTON - VT
PORT HUENEME - CA
NORTH TROY - VT
NAWILIWILI (PORT ALLEN) - HA
NEW YORK - NY
OAKLAND - CA
OBISPO - CA
KAHULUI - HA
OGDENSBURG - NY
OKLAHOMA CITY - OK
OLYMPIA - WA
NOGALES - AZ
OMAHA - NE
NOME - AL
OPHEIM - MT
ORADELL - NJ
NORFOLK - VA
ORANGE - TX
WORCESTER - MA
ORLANDO - FL
OSWEGO - NY
NORTH BEND - OR
ANACORTES - WA
OROVILLE - WA
OWENSBORO - KY
VENTURA-OXNARD APT - CA
PALM BEACH - FL
EVERETT - WA
PATERSON - NJ
PAULSBORO - NJ
PERTH AMBOY - NJ
PITTSBURG - CA
WEST PALM BEACH - FL
PITSBURG - OH
PORTAGE CREEK - AK
POINT COMFORT - TX
PRINCETON - NJ
PENDLETON - OR
PORTLAND - OR
PEARL HARBOUR - HONOLULU - HA
PELICAN - AK
PORT EVERGLADES - FL
PANAMA CITY - FL
PASCAGOULA - MS
PIEGAN - MT
HAMPTON-WILLIAMSBURG-NEWPORT NEWS
PAHOKEE - FL
PHILADELPHIA - PA
PORT HURON - MI
PHOENIX - AZ
PEORIA - IL
PICACHO - AZ
ST PETERSBURG - FL
PINECREEK - MN
PORT ISABEL/BROWNSVILL - TX
PITTSBURGH - PA
PORTHILL - ID
PORT ALLEN - LA
PORT LUDLOW - WA
PORT LAVACA - TX
PEMBINA - ND
NORTH EAST APT/PHILADELPHIA
PENSACOLA - FL
PT ARTHUR - TX
PT NECHES - TX
POUGHKEEPS - NY
PRESEQUE ISLE - MI
PORTAL - ND
PRESIDIO - TX
PROGRESSO - TX
PT ROYAL - SC
PT OCEANIC - AK
POINT ROBERTS - WA
PORT BLAKELY - WA
PASADENA - CA
PETERSBURG - AK
PORT ST JOE - FL
PORT SAN LUIS - CA
PORTSMOUTH - NH
PT HEIDEN - AK
PT ARMSTRONG - AK
MORGAN CITY-PATTERSON APT - LA
PUGET SOUND - WN
PROVINCETOWN - MA
PROVIDENCE - RI
PORTLAND - ME
PLYMOUTH - MA
QUINCY/ST. ALBANS - MA
RACINE - WI
RAINIER - OR
RAHWAY - OH
RICHMOND - CA
ROGER CIRY - MI
REEDVILLE - VA
RICHFORD - VT
RIO GRANDE CITY - TX
RICHMOND - VA
REIDSVILLE - NC
ROCKLAND - ME
RAYMOND - MO
RENO - NV
ROCHESTER - NY
ROUND MOUNTAIN - NV
ROOSVILLE - MT
ROSEAU - MN
TULSA-RIVERSIDE APT
REDWOOD CITY - CA
SABINE - TX
SACRAMENTO - CA
SAN DIEGO - CA
SARLES - ND
SASABE - AZ
SAN ANTONIO - TX
SAVANNAH - GA
SHEBOYGAN - WI
SOUTH BOND-RAYMOND - WI
SALISBURY - MD
STOCKTON - CA
SCOBEY - MT
SCOTTSVILLE - KY
SCHALLER - IA
SAND POINT - AK
SIDNEY - MT
SEATTLE - WA
SELBY - CA
SEWARD - AL
WOONSOCKET - RI
SAN FRANCISCO - CA
SPRINGFIELD - MA
SMITHFIELD - RI
SKAGWAY - AK
SHERWOOD - ND
SILVER BAY - MN
SITKA - AK
SAN JOSE - CA
ST JOHN - ND
ST JOSEPH - MS
SALT LAKE CITY - UT
SAN LUIS - AZ
SALEM - MA
SANTA MONICA - CA
SIDNEY - OH
SODUS POINT - NY
SOUTH HAVEN - MI
SAN PABLO BAY - CA
SAN PEDRO - CA
SPENCER - MA
SPENCER - IA
SEARSPORT - ME
SANTA CRUZ - CA
BRUNSWICK - GA
SAULT STE MARIE - MI
ST ALBANS - VT
ST GEORGES ISLAND
ST HELENS - OR
ST LOUIS - MO
ST PAUL - MN
SUISUN BAY - CA
PORT SULPHUR - LA
STONE MOUNTAIN - GA
SPIRIT OF ST LOUIS APT/ST LONIS-MO
SUNNY POINT - NC
SWEETGRASS - MT
SAN MATEO - CA
SAN YSIDRO - CA
SANDY POINT - ME
SYRACUSE - NY
TACONITE  HARBOUR - MN
TECATE - CA
THEODORE - AL
TACOMA - WA
TOLEDO - OH
TAMPA - FL
TROUT RIVER - NY
TULSA - OK
TURNER - MT
TEXAS CITY - TX
KNOXVILLE - TN
COLUMBUS - MI
UTICA - NY
VANCOUVER - WA
VAN BUREN - ME
VANCEBORO - ME
VALDEZ - AK
VERNON - AL
WALHALLA - ND
VALLEJO - CA
WARROAD - ND
WASHINGTON - DC
WHITLASH - MT
WESTHOPE - ND
WHITETAIL - MT
WHARTON - TX
WILLOW BROOK - IL
WILLS POINT - NJ
WILLIAMETTE RIVER - OR
WESTPORT - CA
WEST REDDING - CT
WRANGELL - AK
WARREN - OH
WILMINGTON - CA
WARRENTON - OR
WESTWEGO - LA
WEXFORD - PA
YAKUTAT - AL
YOUNGSTOWN - OH
YONKERS - NY
ARTIGAS
BELLA UNION
COLONIA
FRAY BENTOS
MELO
MONTEVIDEO
NUEVA PALMIRA
PUNTA DEL ESTE
PAYSANDU
RIVERA
SALTO
VICHADERO
BUKHARA
FERGANA
SAMARKAND
TASHKENT
URGENCH
VATICAN CITY
CANOUAN
CAMDEN PARK - ST. VINCENT
KINGSTOWN - ST VINCENT
MUSTIQUE ISLAND
ANACO
ACARIGUA
AMUAY
ARAYA
BACHAQUERO/MARACAIBO L
BAJO GRANDE/MARACAIBO L
BARINAS
BARQUISIMETO
CANAIMA
CARIPITO
CIUDAD BOLIVAR
CABIMAS/MARACAIBO L
CARACAS-MAQUIETO
CUMAREBO
CUMANA
CARUPANO
CORO
EL GUAMACHE
EL TABLAZO/MARACAIBO L
GUIRIA
GUANARE
GUANTA/PUERTO DE LA CRUZ
LA GUAIRA/CARACAS
LA CEIBA/MARACAIBO L
LA FRIA
LAGUNILLAS
LAS MOROCHAS
LAS PIEDRAS
LA SALINA/MARACAIBO L
LA VELA DE CORO
MARACAIBO
PUERTO MIRANDA/MARACAIBO L.
MERIDA
MATURIN
PUERTO CABELLO
PUNTA CARDON
PUERTO LA CRUZ
PUNTO FIJO
PUERTO DE HIERRO
PALUA
PAMPATAR
PORLAMAR
PUNTA DE PIEDRAS
PUERTO SUCRE
PUERTO AYACUCHO
PUERTO ORDAZ
SAN FELIX
SAN LORENZO/MARACAIBO L
SAN FELIPE
SAN TOME
SANTA BARBARA ED
TIAJUANA/MARACAIBO L
VALERA
ANEGADA
ROAD TOWN, TORTOLA
TORTOLA
VIRGIN GORDA
CHARLOTTE AMELIE
CHRISTIANSTED - ST. CROIX
FREDERIKSTED - ST. CROIX
ST JOHN
ST THOMAS
ST CROIX-ALEX HAMILTON APT
BENTHUY
CAI　LAN
CAM PHA
CAMRANH
DA NANG
HANOI
HONGAI
HAIPHONG
NHATRANG
PHAN THIET
PHU MY
HO CHI MINH CITY
DA-NANG
QUINHON
VUNG TAU
ANEITYUM
DILLONS BAY
IPOTA
LAMEN BAY
LONORORE
LONGANA
LAMAP
NORSUP
SANTO
SOLA
ESPIRITU SANT.
TANNA
TONGOA
PORT VILA
VALESDIR
WALAHA
FUTUNA
WALLIS(UVEA)
GAZA
THE WEST BANK
ASAU
APIA
ADEN
AHWAR
BEIHAN
BOGOA
ABBSE
EL KATIEB
SEIYUN
HARAD
HAURA
HODEIDAH
QISHAN
KAMARAN
KHOKHA
AL MUKHALLA
MOKHA
MAREB
PERIM
RAS AL KALIB
RIYAN
SANAA
SALEEF PORT
SOCOTRA
SA DAH
TAIZ
MAMOUDZOU
ALEXANDER BAY
ALGOA BAY
BLOEMFONTEIN
CAPE  TOWN
DURBAN
EAST LONDON
GEORGE
GERMISTON
LANSERIA
JOHANNESBURG
KOINGHAAS
KIMBERLEY
KLEINZEE
KOMATIPOORT
TZANEEN
MMABATHO
MAFIKENG
MARGATE
MOSSEL BAY
NELSPRUIT
PORT NOLLOTH
OUDTSHOORN
PLETTENBERG BAY
PHALABORWA
PORT ELIZABETH
PRETORIA
PIETERSBURG
PIETERMARITZBURG
RICHARDS BAY
SPRINGBOK
SALDANHA BAY
SISHEN
SIMONSTOWN
SKUKUZA
UPINGTON
UMTATA
VREDENDAL
VRYBURG
VRYHEID
WELKOM
WALVIS BAY
SECUNDA
ZAMBEZI
CHIPATA
KASAMA
KITWE
KALABO
LUSAKA
LIVINGSTONE
LUKULU
MFUWE
MONGU
MANSA
NDOLA
SESHEKE
SOLWEZI
SENANGA
NGOMA
KASABA BAY
BUFFALO RANGE
BULAWAYO
GWERU
HARARE
KARIBA DAM
VICTORIA FALLS
ORDER
